ax_g,ay_g,az_g,totalAccel,vibration,bending,status
0.24835707650561634,0.6996777182930011,0.8649643450051236,1.1399094108990675,487,370,SAFE
-0.06913215058559233,0.4623168414563844,0.9710962658568965,1.0777495412664322,781,409,DANGER
0.32384426905034625,0.029815184960087063,0.8415160158000077,0.9021714142550051,939,435,DANGER
0.7615149282040127,-0.32346838885278695,0.9384076940721919,1.2510578662709686,655,385,DANGER
-0.11707668736166799,0.34911165680679496,0.6212770666092429,0.722198790594773,506,563,DANGER
-0.11706847847459027,0.1967426927108748,1.0426587414745878,1.0674970571204647,664,294,SAFE
0.7896064077536957,0.44759661001386614,1.0002410950724447,1.3506677062598795,784,577,DANGER
0.3837173645764544,0.31758590084098476,0.8365822737863619,0.9736373663248749,747,210,DANGER
-0.23473719296747605,0.5247763576596676,1.131849133686481,1.2694779386612574,745,267,DANGER
0.27128002179298233,-0.267617605780284,1.1875140275253118,1.2471574073536025,544,578,DANGER
-0.23170884640623113,0.6586970328171629,0.6784880271262052,0.9736101753261678,723,409,DANGER
-0.23286487678512843,0.09879980234619982,0.8474550442867571,0.8844023427551911,296,395,SAFE
0.12098113578301706,1.0376304363126327,0.8461715300425403,1.3443658787072168,592,568,DANGER
-0.956640122328899,-0.34459390904478393,0.812019379778227,1.301261218562834,613,297,DANGER
-0.8624589162565164,0.8679819015826247,1.1658949683863498,1.690129888799663,906,292,DANGER
-0.28114376462048635,0.0989553917313239,0.9612347722454393,1.0063827667997007,637,221,SAFE
-0.5064155601672119,-0.3257090018072242,0.9470970317378778,1.1222904530309559,946,371,DANGER
0.15712366629763694,-0.24194291702716078,0.5992275271186494,0.6650547728323994,488,582,DANGER
-0.45401203776060545,-0.16017365409716008,1.1270836060418452,1.2256018867914098,327,333,DANGER
-0.7061518506676457,0.2120829732009582,0.7521483210293055,1.0532600441250501,601,224,SAFE
0.732824384460777,0.2614177440177498,1.0119865260532657,1.2765138245475462,662,384,DANGER
-0.11288815024326783,-0.2868500019692895,1.0554753875916383,1.0995703487757602,160,284,SAFE
0.03376410234396192,-0.01217729613049142,1.2721317191677302,1.2726379736833204,434,254,DANGER
-0.7123740931067284,1.0711351793059318,0.7382359201761776,1.4831721729842264,882,450,DANGER
-0.27219136226259133,0.8637715850503557,0.3960975688358349,0.9884749733141593,810,343,DANGER
0.05546129485493304,0.21816183483701604,1.036769908950739,1.0609252497288217,240,550,DANGER
-0.5754967887111514,0.019001739084100144,1.3601022363021706,1.4769684198043076,539,597,DANGER
0.18784900917283598,0.06001566335913065,1.2477892705878875,1.263276372726849,743,366,DANGER
-0.3003193449594025,0.3067589863652083,1.0419318830549251,1.1269049798448123,475,423,SAFE
-0.1458468748966384,-0.5113962825992028,0.9016727628735905,1.0468100305602224,454,419,SAFE
-0.30085330611469846,-0.12868826871167255,1.1614245193274622,1.206640085692158,384,378,DANGER
0.9261390922544689,-0.8342920369387947,0.8052907600591063,1.484004726858371,258,318,DANGER
-0.0067486123689669605,0.19961156130263963,1.0952715538712439,1.1133328773974625,71,464,DANGER
-0.5288554644779502,0.3235979698513705,1.1010940318333253,1.2636501950061516,727,349,DANGER
0.4112724560515945,-0.241593231149687,1.212041981499776,1.302519899027251,660,414,DANGER
-0.6104218249855111,0.7869933816450164,1.5519320077822156,1.844035342381116,257,396,DANGER
0.1044317975023777,-0.6128828315011706,1.0784831934357535,1.2448523462651506,57,241,DANGER
-0.9798350619398878,-0.7321874401049101,0.8982072748585003,1.5175478591012734,751,252,DANGER
-0.6640930244492153,0.11222590927998602,0.9948851375616011,1.2014202581847835,736,529,DANGER
0.09843061793456176,0.5235491513060773,0.6461848190221764,0.8374646981903275,834,450,DANGER
0.3692332899977052,0.8419638457289343,0.8610573737821884,1.2596253970533722,578,494,DANGER
0.08568414059498525,-0.22944213143447,0.9181435123773792,0.9502489005241544,651,577,DANGER
-0.057824141194120264,0.5393404167156478,0.8951823204130815,1.0467010572212083,702,470,DANGER
-0.1505518477946444,-0.019254234750353604,1.0304709744067444,1.0415886969072718,706,322,DANGER
-0.7392609951837137,-0.08631364997040981,0.8355160135235599,1.1189476636668627,215,566,DANGER
-0.3599221041973543,0.4418299687433362,1.2242061334648944,1.350347473646193,898,586,DANGER
-0.23031938547989375,0.3261614392067098,1.0000414129836395,1.0768059859768342,545,538,DANGER
0.5285611131094579,-0.7881960784921247,0.9981399357722771,1.3772847344777182,639,465,DANGER
0.1718091447842307,0.7382701748629479,0.9344210566974165,1.2032056950177608,478,547,DANGER
-0.881520077681367,0.6900456770737258,1.0310381367717958,1.5219330876491766,823,228,DANGER
0.1620419846973975,-0.3127813507547647,1.1650196529335268,1.2171115683888647,212,234,DANGER
-0.19254114020815827,0.19790176671870452,0.8265739568578199,0.8714710012953014,415,205,SAFE
-0.33846100015297936,0.2470150931413694,0.8683767021849487,0.9641838008190148,575,595,DANGER
0.30583814442043394,0.13033688291195356,0.9392547942446671,0.9963554798069464,288,310,SAFE
0.5154997612479755,-0.27515257692271006,0.7308258153053571,0.9357111289017928,121,493,DANGER
0.4656400595580993,-0.3358116839690258,0.8361484280557004,1.0142654218178802,494,276,SAFE
-0.41960876161131927,-0.012777035495722639,0.9047558252910681,0.9974055688911937,704,548,DANGER
-0.1546061879256073,0.5863645096296823,1.1748778361425456,1.3221438429146566,871,346,DANGER
0.16563171570178198,0.27180007729721617,1.052512265800385,1.0995868391924981,558,266,SAFE
0.4877725635611796,-0.18530716604305297,1.0387179822735089,1.1624095088428614,844,591,DANGER
-0.23958711892264498,0.38584935532417236,1.1701795924335945,1.2552298558852821,318,207,DANGER
-0.09282948833190856,-1.4242713103150377,0.9725256423201206,1.7271283114640446,802,321,DANGER
-0.5531674870030141,0.5743828501860517,1.078092969985778,1.3409677025185347,464,539,DANGER
-0.5981033120403354,-0.8698568893890498,0.9793556494135007,1.4399708566250056,294,374,DANGER
0.406262911197099,-0.18122047070156608,1.0530724698799256,1.143176293856134,724,587,DANGER
0.6781200142854115,-0.5598349473130719,0.8834482684776835,1.2464921841245913,109,378,DANGER
-0.03600506079016692,-0.6473407378604529,0.5122365683447141,0.8262764048705422,55,284,SAFE
0.5017664489460121,0.5804133936892597,0.9731441675627391,1.2392170301134304,758,244,DANGER
0.18081801252381707,-0.23385060065594568,1.284549627219988,1.318123287811584,619,335,DANGER
-0.32255987730256214,0.1732519408653579,1.1852430804483185,1.2405088751031474,866,542,DANGER
0.18069780275420697,-0.023460289439592035,1.1930794969182341,1.2069137363819564,456,215,DANGER
0.7690182832329846,0.23852041361156073,1.2472261443612436,1.4845383669121694,266,532,DANGER
-0.01791301955497577,0.03841094553012768,1.0177315181922875,1.0186136265179617,979,394,DANGER
0.7823218279070031,-0.6414961120942848,1.039463141481119,1.450526913486832,75,208,DANGER
-1.3098725520448722,0.49813340972357,0.87646962091313,1.6529071337697658,864,515,DANGER
0.4109512521876119,-0.24687829158065625,0.93678542879459,1.052329208057162,54,533,DANGER
0.04352353411908561,-0.7782909493298755,1.1231542299542283,1.367152706940629,581,532,DANGER
-0.14950367523293373,-0.21405758048295626,1.2407768874337632,1.2679508196535816,439,526,DANGER
0.04588038826775115,0.7503798953171554,0.9721107448638001,1.2288914913870292,759,214,DANGER
-0.9937844573004464,0.42511087105674644,0.9099621470297177,1.4129253020911976,620,526,DANGER
-0.10983594391875597,-0.1743260672039296,1.0001055917713195,1.0211095470005038,497,301,SAFE
0.1785562857558732,-0.1746288521592144,1.120241349785823,1.1477448605676004,803,425,DANGER
0.738947022370758,-0.1608175256086913,0.7112290367732916,1.0381482173384375,195,477,DANGER
-0.2591351091368237,1.0383739917804204,0.5407638093725524,1.1990817524758153,437,312,SAFE
-0.4042468014465938,0.19096772611577667,0.8898926301016833,0.9958880670069922,834,200,DANGER
-0.25087852179226827,0.21502082359553482,0.7558575148171682,0.8249209477167867,298,465,DANGER
0.45770105885103707,0.5151417270159211,0.8983719604705378,1.1322249942241973,575,407,SAFE
0.16437555482984223,0.11939457951325676,0.9704439362365057,0.9914816296941508,511,309,SAFE
-0.2648801018835194,-0.12952107291035156,0.9093503181953974,0.9559577280945757,62,399,SAFE
0.25663371655667805,-0.09817492454248913,1.290493506894149,1.3194213396859154,952,568,DANGER
0.048538774674020194,-0.035800629707031975,1.065348952920464,1.0670548670162208,433,505,DANGER
0.4843224952664446,-0.018611118254920796,1.0600948719221657,1.1656396486991538,605,211,SAFE
-0.3510265469386762,0.3638147718184899,1.1244414288086804,1.232862259812643,936,544,DANGER
-0.1638310732988841,0.025972942903649716,0.7722333764438462,0.7898478347347694,448,387,SAFE
-0.19605407656607882,0.3663200386077896,1.2078223574840536,1.2772871325047188,68,353,DANGER
-0.7317574740660593,-0.04035829005429116,0.9848471426929081,1.2276081161747143,624,567,DANGER
0.14806013853228803,0.039317595158045296,1.1340961234482425,1.1443957773128768,540,533,DANGER
0.13052763608994467,-0.9991003422660538,0.7856285533919689,1.277674129660663,800,576,DANGER
0.002556728321230445,0.4581638373512407,0.6892482467967871,0.8276374716194086,468,478,DANGER
-0.11729356668757346,0.17324423794899635,1.1635779316050057,1.182237264548451,386,370,SAFE
-0.7076853710252071,0.4990050549298261,1.0752819052195033,1.3805997989645982,468,333,DANGER
-0.21032266138267952,-1.4481276890968446,0.819589689128498,1.6772109838496196,964,224,DANGER
-0.17135725826338474,1.0441873523903638,0.8260673837450612,1.342414935606332,965,217,DANGER
-0.40113863461080945,-0.06979481407758688,1.2250869568829539,1.290976983595868,661,389,DANGER
-0.08064285583300457,0.5540914083687583,0.7621176214265344,0.9456975351103625,724,340,DANGER
0.2020254284072692,-0.5199529635627654,1.3285345906511927,1.44089191704221,977,242,DANGER
0.9430929506052651,0.30638695253128484,0.8198758530704262,1.2866598978015564,171,533,DANGER
0.08728890641591948,-0.5267077815868281,1.1276783851216765,1.247677434531072,481,483,DANGER
0.12877519536138218,-0.31188448034790256,0.9342763048502031,0.993341428627032,93,345,SAFE
-0.03722295788308361,0.9570156769333931,1.1206374862164685,1.4741414213037405,921,514,DANGER
-0.9593856076495207,-0.09534120038167329,0.8911771995771615,1.3129004111894589,969,518,DANGER
-0.013256937724608439,0.10871643658986144,0.9674414187855411,0.9736210293355481,366,291,SAFE
0.03011510497051322,0.4350338653443771,1.0081838350791443,1.0984516506695896,430,378,SAFE
1.231621056242643,0.24784094398630233,0.7995625088437055,1.4891661308412523,194,255,DANGER
-0.09618048239056126,0.07520945257178821,1.1481648690840252,1.1546383475130928,376,354,SAFE
0.15077367116680623,0.1824805012331127,0.8973572867056829,0.928052764260303,412,359,SAFE
-0.017355884852621656,1.2017077926191375,0.9542800169319963,1.5346182575143268,99,310,DANGER
-0.584339018809766,-0.028809398516792695,0.8011301250782975,0.9920138848092944,114,336,SAFE
0.5714114072575103,0.10054952335748375,0.4875332682409379,0.7578323631470985,404,431,SAFE
0.37596651634338707,0.525327198003806,0.9617944474799662,1.1586060786899082,849,419,DANGER
0.39551597352152346,0.5527629664789919,1.4825230843225832,1.6309060297793612,213,267,DANGER
-0.45469372739736946,0.5935151527801901,1.1569208575796048,1.377487746957095,190,501,DANGER
0.7013971554680496,0.3193651110145923,0.996147924053121,1.2594692256769822,875,448,DANGER
-0.7009255313961404,-0.5715024563652418,0.9474218341583465,1.3097785270931999,177,522,DANGER
0.29342854690013515,0.816715766150548,1.0044931785624094,1.327453012574537,447,591,DANGER
1.0952278129049893,-0.573172696509344,1.109423823035042,1.660985286299107,982,205,DANGER
-0.49526816256534417,0.15131773261951662,0.763837436938231,0.9228408525441046,929,479,DANGER
-0.28314886480138596,-0.37713792500967896,1.2228643389337743,1.3106500240548034,512,293,DANGER
0.04982568254382061,-0.03206917329649627,1.1430762630882487,1.144611014167116,800,468,DANGER
-0.2517378270580996,0.1643812051517402,1.143637145141587,1.182496948802267,885,396,DANGER
-0.7753317155330663,0.16067860772513654,1.0876951477619454,1.3453763854612644,857,224,DANGER
0.034281487403013663,0.21096037711764237,1.003923331538798,1.0264217245850462,236,347,SAFE
-0.5311518568630524,0.8068556345293235,1.134572247193364,1.4900981491573584,769,317,DANGER
0.2367962153175908,0.22676715075698992,1.1183628267482757,1.1654317657004085,781,537,DANGER
-0.4597121171169016,-0.12207831764532434,0.9291918578117953,1.0438562424428721,961,566,DANGER
0.7749672025087697,0.48204358414417864,0.8852796454206198,1.271479544693855,239,537,DANGER
-0.39162664616811854,0.5947352444623203,1.0203712590523972,1.2442825030091513,437,265,DANGER
-0.1610307581028378,-0.6138039075684962,1.3098040302990375,1.4554287133999835,478,500,DANGER
0.4067586086848349,0.298700034924929,0.7521785848692198,0.9057852395238282,907,569,DANGER
-0.6154321582169776,0.35058637115544916,0.706494946849512,1.00040124696616,333,374,SAFE
0.11372996730206471,-0.14878175167999597,1.0329521682473033,1.049790787243964,913,518,DANGER
0.653571377141214,0.6878534066558097,1.0101775403712037,1.3859136037779125,286,275,DANGER
-0.8037416172806138,-0.07502779351626336,1.0346683328740816,1.3123141072933746,243,313,DANGER
0.0923169292661521,0.06278822673577113,1.0487906395817002,1.0547163516889013,336,310,SAFE
0.12994139712421177,-0.0865359121419348,0.955359549073039,0.9680315587737154,820,448,DANGER
0.3909114358886552,0.007789523790733767,1.2979726877204165,1.355583094265187,807,402,DANGER
-0.618475355439041,-0.5481375434476009,0.6798192043046969,1.0701031176310487,185,346,SAFE
-0.6602283065421382,-0.7200254412971472,0.8343005950439508,1.284677210728571,841,234,DANGER
0.2609707828084488,0.7972525316124861,0.9793490479701905,1.2895122746225764,832,508,DANGER
0.14849233661659303,-0.4234806741591639,0.6713622377691666,0.8075352064910721,220,225,SAFE
0.12524642517293827,-0.4956961747281536,0.9648291191135858,1.0919233460954219,208,437,SAFE
0.17322410474848784,-1.0766950568018574,1.3322940331456037,1.7217102620832718,250,213,DANGER
-0.3400123607892454,-0.3194808738447511,1.0041772976591923,1.1072707344530515,536,573,DANGER
0.11612684858050178,-0.6615448967037492,1.0461401811437367,1.2431960319754336,606,244,DANGER
0.14653623664934062,0.8210075800681845,0.747967046965484,1.1202593532423795,825,415,DANGER
-0.3571757090131839,0.5049085446713171,0.8767277183921045,1.0729206018099398,632,432,SAFE
0.9328872555723783,-0.3440751725888619,0.9249607239352126,1.3580201385930075,553,392,DANGER
0.23691646045589376,1.1262179026721544,0.9364569806487532,1.4837276873267529,925,250,DANGER
-0.5956517486013243,0.49088274349579714,1.2563287590007537,1.4744927345247074,420,574,DANGER
0.32827680431691486,-0.16241569175431123,1.111538212145025,1.170325473635055,152,413,SAFE
-0.4873408351136607,-1.2497028574367866,0.7777084086125936,1.5505123960425735,174,350,DANGER
0.393542301871226,1.1454712862953709,1.049300955686401,1.6025019521653223,362,474,DANGER
0.579297789503702,-0.694786233381798,1.099644349699357,1.4239141599290541,847,537,DANGER
-0.41034115917585523,-0.8226993734784459,1.2280298077042533,1.5340375923183098,507,275,DANGER
0.4816880646221609,0.5112852160048201,1.3161081373136747,1.4918366508461336,279,419,DANGER
0.20639046346824916,1.2198762031696364,0.7969811616344262,1.471690846091789,707,547,DANGER
0.411030079997245,0.6921364092552591,0.8378284977579323,1.1618756935811243,931,386,DANGER
0.9483964913269737,0.2819545600261798,0.7484844282170767,1.2406382300913976,246,488,DANGER
-0.12269405800143525,0.297377170832643,0.9531960281786037,1.006016740286538,934,227,DANGER
-0.3768680821787448,0.42670777939015386,1.0932716748892668,1.2326199882657851,782,578,DANGER
-0.44475721481276165,0.37946429489338257,1.1974669033178205,1.3325648636252223,472,379,DANGER
-0.40790514248271914,0.1405957119846879,0.9848097952714955,1.0751763075677465,621,452,DANGER
-0.0385508547070521,0.052100551975938034,0.9360304953490313,0.9382716686217241,659,325,SAFE
0.17057598740832194,-0.03129656394976121,1.030351598449748,1.0448445141854055,220,376,SAFE
0.13834539966500953,-0.37698229443333814,0.8329714196739954,0.9247142725828376,431,236,SAFE
0.4135916245180119,-0.14033753843338703,1.4179077443389547,1.4836492267451136,222,298,DANGER
0.00650094593895351,-0.8464784070976927,0.6784677945763882,1.0848439999640946,712,297,DANGER
0.7267670385786584,-0.049169813397374945,1.036948115779145,1.2672290218156483,502,326,DANGER
-0.13232841661897804,-0.49429555357545873,1.4047212438459278,1.4950186209681153,399,367,DANGER
1.3600845832948094,-0.5517946586078855,1.0013599689119996,1.7768030859731894,951,279,DANGER
0.3128336738825031,0.08994707557673923,0.9619921929997011,1.0155709543463747,683,493,DANGER
-0.4285787782081413,0.6960011431722997,0.9285109154379145,1.2370246078857468,543,532,DANGER
-0.5354462490305562,0.4591583030011565,0.9639216636475184,1.194434596980845,669,325,SAFE
0.24123620762159265,-0.7852503018115885,1.274569694935306,1.5163577584496075,53,542,DANGER
-0.11173139266292545,-0.4948140682851688,0.5576276177340986,0.7538391249723793,142,509,DANGER
0.357000247046046,0.47038559399410795,1.306686740259265,1.4339253887833605,968,349,DANGER
0.23661881228677242,-0.4912436967691548,0.715208569509971,0.8993509492094436,55,215,SAFE
-0.03641445632843639,-0.1123165749985123,0.946669534153117,0.954004314740123,337,227,SAFE
-0.4233968590342025,0.27502604951227594,0.9141511159402677,1.0443067034761357,667,372,SAFE
-0.7574236123429323,-0.48417222743181765,1.117710653954144,1.4343606172485024,195,245,DANGER
-0.22325747603351054,0.05268775307297995,0.6803751296232505,0.7180043293313682,832,527,DANGER
0.42819939716173616,-0.6670127474591022,1.0924345332163885,1.3496940165705422,473,435,DANGER
0.10704687206510198,-0.30068382197560684,1.4048619246573706,1.4406619384743917,939,413,DANGER
-0.622869389355994,0.15989096707126849,0.7273651990814378,0.9708715313482388,657,284,SAFE
0.086590462925591,-0.7964968667658346,1.0379412335220792,1.311193033570113,506,481,DANGER
0.1926586898644184,0.2202373689801995,0.8676035644406782,0.915618815067583,790,431,DANGER
-0.4419287181005665,-0.009818899463340608,1.0851774412386073,1.171754019255685,251,284,SAFE
0.07686255297276395,0.2762449772085739,1.0038295554831504,1.0439793656696266,261,264,SAFE
0.029104359222999948,0.11195706703233071,0.871702618191138,0.8793445872611875,55,333,SAFE
-0.5714851489153115,0.6820702149869221,1.0975744569742147,1.4129701844714573,673,350,DANGER
0.17889368017414164,0.06261225132395364,1.3608696219573486,1.3740048656349215,425,314,DANGER
0.2803922631841172,-0.2147027705626265,0.9618192416545402,1.0246039988979616,940,263,DANGER
0.5415256215876385,0.06114875151614189,1.1439515884296363,1.2671284091671804,496,542,DANGER
0.5269010260174515,0.27164901451819395,0.7413454084257672,0.9492159358654472,884,562,DANGER
-0.6888346839785455,0.024430035162852165,0.8087127246363982,1.0625941461624506,155,551,DANGER
-0.4689125199575614,0.02029584560194119,1.0944812555760755,1.190873667325393,700,357,SAFE
0.2575176336043299,-0.3509958439033777,1.296823205707193,1.3679414610703553,860,276,DANGER
0.2568929754561044,-0.3314504587754741,1.0711226697571319,1.1502856954377938,450,345,SAFE
0.25752384315302396,-0.7013026358998468,0.9373883938953691,1.1986829930895475,145,542,DANGER
1.9263657453273606,0.8747883715934697,0.9998582810846708,2.3400547562181924,437,424,DANGER
0.2854452553465835,-0.6219316176956425,0.7499184532060565,1.0152121046108342,501,512,DANGER
0.5677828200902995,-0.34645259889795366,1.1209030652710734,1.3033918888066351,898,302,DANGER
0.47700088174660116,-0.3592036327845987,1.1764666124646819,1.3193296711727558,858,546,DANGER
0.325695625652899,0.44746218847222063,0.9095819334333839,1.0647250087746578,950,500,DANGER
-0.1576346223201728,-0.1474748391460139,0.9059915704480996,0.9313529019969714,465,287,SAFE
0.3794846102466337,0.6238710363368669,1.0531756459304098,1.2815625542965166,775,570,DANGER
-0.3864126072687859,-0.33674531212193426,0.9126560527918809,1.046734531287669,553,502,DANGER
-0.11840930337000444,0.13949708111190098,0.9867734770748355,1.0035945863851952,503,367,SAFE
-0.24268177391455173,-0.41767352662987867,1.419944357833303,1.4998625262271157,340,369,DANGER
0.04093706969316128,1.0725745638866941,0.9505948598508007,1.4337791414114514,583,334,DANGER
1.1573292833367543,-0.5937992095147564,0.9283319695957556,1.598064084153902,242,249,DANGER
-0.933632596295874,0.15491035511351375,0.8704916388729682,1.2858548659686737,199,539,DANGER
0.34313009518725673,0.31688844046604925,1.1488383942999874,1.24015571689284,929,546,DANGER
-0.8063579355948258,0.20689954872574912,0.9637551653563794,1.273516612498938,808,333,DANGER
-0.23596593289471673,-0.09264382943885414,0.8701253923357148,0.9063007221708207,828,546,DANGER
0.544475298483683,-0.06491034986671308,1.2642608064546024,1.3780501046464009,812,336,DANGER
0.032140009547731385,0.0219057359895548,1.2839206009027275,1.2845096149524897,564,444,DANGER
-0.5388723889646531,-0.07350100081424431,0.879915286852259,1.0344258121032466,442,308,SAFE
-0.3576518546299841,0.48193955839745484,0.6266920097278768,0.8677116238275053,365,512,DANGER
0.3397988744673379,1.1052615007956756,1.2015027379673844,1.6675356336742853,125,486,DANGER
-0.36518331585856834,-0.2787458925039168,0.8630740348479992,0.9777294699445594,648,220,SAFE
0.10822929479098743,-0.6849014897895389,1.1581251198325537,1.349836073067412,319,289,DANGER
0.022785919951906892,-0.04414102417562741,0.6059792364576329,0.6080118939470704,274,495,DANGER
-0.32580017380290854,1.2898546688271593,1.1785194676598618,1.7772954047086573,579,311,DANGER
1.0719720446626628,-0.4018372839848654,0.7577656141438438,1.3728823668899603,162,500,DANGER
0.3169595111590056,0.8195584027220337,1.146152823813305,1.444231838286935,300,276,DANGER
-1.0125712933288036,0.8388504070382203,1.002854613567287,1.6536892106484053,282,376,DANGER
0.09322715738471382,-0.2767941208539973,0.809212116120671,0.8603083965008512,890,542,DANGER
-0.330893232384194,0.2844915395926377,0.9185927374146439,1.016975115019231,840,347,DANGER
0.426216667398112,0.814198311564269,1.13726369139134,1.4621724391736826,763,300,DANGER
-0.3962603692163503,-0.18956387049374354,1.0211788906230468,1.1116488059914262,132,445,SAFE
-0.05736822073344951,-0.10179018005118089,1.1168825960944968,1.1229777767007487,174,316,SAFE
0.25249363949022857,-0.29084045697432187,1.395288116903097,1.447470254812528,224,291,DANGER
0.43287759708506074,-0.5073783653464334,0.6871516776577897,0.9575976439965118,118,227,SAFE
-0.6001482035278881,-0.32463877253300355,1.3234425149937248,1.4889822998687399,96,224,DANGER
-0.1672506179204742,-0.6119701333811283,1.0208711875046426,1.2019393473975446,933,257,DANGER
-0.2374726555804781,0.017041734129613035,0.8202431903353744,0.8540975202763101,305,496,DANGER
-0.32666461628685595,-0.3849866155293209,0.733937274852202,0.8908357812122483,776,333,DANGER
0.8827271201405484,0.11689295589537385,0.9621759218445933,1.3109743080423342,79,530,DANGER
0.20249085548047777,-0.7779478231018137,1.1843300223848918,1.4313779947813452,330,448,DANGER
-0.6304419771675226,0.16544011610722853,0.9744901759244932,1.172373072688817,973,237,DANGER
0.45893097352738804,0.4167644808044623,1.3022309860494694,1.4422606601964787,286,589,DANGER
1.0610780985063166,-0.9968678212857277,0.7097648619896881,1.619690817273462,297,274,DANGER
0.5162326302755734,0.18702828492378606,0.9975822104307891,1.1387036376910142,417,341,SAFE
-0.7596849829770067,0.6138344962366461,0.7495213111173762,1.2311361654788566,544,521,DANGER
-0.24211703643312568,-0.6048205093456027,1.0727263765249935,1.255057921670819,74,367,DANGER
0.6334555745933114,0.8362861934188517,1.1773774780194601,1.5769775800669457,635,458,DANGER
-0.3538347328093904,0.2095095046830226,0.9158476412637894,1.0039273642566302,767,572,DANGER
0.22190971407311422,-0.35250592787920443,0.4791572286745731,0.6348984172141928,539,554,DANGER
0.3873170267146684,-0.027884538828853004,1.039789629359299,1.1099344575297847,543,424,SAFE
-0.4634652357890415,0.2791634562608612,1.087347710346702,1.2145193713122557,363,351,DANGER
-0.02976267803090004,0.03800269570620575,1.0808589509923396,1.0819362706854643,655,218,SAFE
-1.6206336700345363,0.2693779962231846,1.247156438364431,2.0626238578695535,424,345,DANGER
-0.5121938206671449,-0.4603367965396831,0.7857892640701902,1.0448527378085375,688,440,SAFE
-0.12628407569658015,0.084680412018039,1.13604322109009,1.146173041097561,986,571,DANGER
-0.6238915909824247,-0.7068572484524901,1.238501502495595,1.556526215221656,74,580,DANGER
0.8162056519658176,-0.05561303067435016,0.6442824831986966,1.0413377903631513,383,543,DANGER
-0.7150706889803163,-0.4519538207323949,1.0639303651837955,1.3592410265561876,404,436,DANGER
-0.22002224334849188,-0.3677649712948833,0.8991640337984657,0.9960706909433474,165,234,SAFE
0.06537028864304567,0.6180465876052187,0.9836954653796708,1.1635770828339038,97,389,SAFE
0.7206366445330578,0.5456550602971345,1.0695352967076672,1.400343661097265,787,200,DANGER
-0.7179310755897197,0.3045690604535885,0.9025542871772896,1.1928082759543124,827,352,DANGER
0.5815818760774798,-0.5461563823362895,0.8648583841676776,1.176649606813171,148,325,SAFE
0.0051165305097935244,-0.15820422484740096,1.006830483497605,1.019196928048768,508,544,DANGER
-0.49075432552397547,0.6065488499895917,0.7825508122274395,1.1050461932254296,572,599,DANGER
0.23105173713163538,0.07085845681995237,0.7828349742229629,0.8192901946203911,646,425,SAFE
0.09952984778673502,1.159664769990847,1.1358746565913007,1.6263270903618312,454,420,DANGER
-0.30010843857939734,0.19665891969718594,0.7702411929682688,0.8497124813419007,263,410,SAFE
0.03490104249500946,0.0960245582450158,1.1332625001818424,1.1378588193935966,734,224,DANGER
-0.1926567984308801,-0.1545582321012507,1.0925182585707902,1.1200897439055733,952,215,DANGER
0.05675867262562402,0.06677045239114116,0.6548386542418807,0.6606765496973975,552,381,SAFE
0.33106533726052334,-0.07623491819027195,0.864487069532869,0.9288454735188352,770,528,DANGER
0.793008408072676,0.3540543383442952,1.2388218806094744,1.512909931770947,497,328,DANGER
-0.6189077494134245,0.47835115839729203,0.8037668937720637,1.121564912320287,943,241,DANGER
1.0665166873281333,-0.39299473025397474,0.9071191475381225,1.454224140284798,625,535,DANGER
-0.9760438997612509,-0.665616476778889,1.0924121786503793,1.609059152574684,307,435,DANGER
-0.07589254751779166,-0.9181026865516483,1.156678101856519,1.4787076969896704,893,559,DANGER
0.29415860324228826,0.25399566345627184,0.9496922227911009,1.0261376120900878,170,233,SAFE
0.14049593386751633,-0.5516833030869368,0.8804979610616717,1.0485085759172308,859,544,DANGER
-0.3113497599102969,-1.0764452964762414,1.2844739723397016,1.7045663773875617,103,580,DANGER
-0.10406112517863761,0.19428930226548205,1.347779932759516,1.3656821730906124,380,244,DANGER
-0.2465004673294164,1.2464997587163953,1.1957716101563591,1.744819151811896,833,333,DANGER
-0.29468237847210577,-0.003035455769946662,1.0170636285130048,1.0588981738664716,290,220,SAFE
0.4248010485105123,0.41924538722582094,0.8383468556718148,1.0291006150715185,804,321,DANGER
0.17850774298252367,0.040914679273782506,0.833911118688687,0.8537838011800227,579,269,SAFE
-0.3464547976303271,-0.04944482659557133,1.1045028210531516,1.1586208177797028,532,551,DANGER
0.44979993771662535,0.4595382414938843,1.0836796441777368,1.2601019603866814,236,560,DANGER
0.15364976043830467,-0.14513727209432567,1.2803197185892858,1.297648511131685,907,247,DANGER
0.40643105941948005,0.13369615703595147,1.1300900185072278,1.2083725908827496,705,238,DANGER
0.3148144209618061,0.1608489030980068,0.6993839396480364,0.7836570578454312,311,486,DANGER
-0.41449750546103614,-0.3340452268215244,1.2103895235445838,1.322284838566241,413,209,DANGER
-0.2800905200984848,0.4960211747682614,0.8003878745371173,0.9823993357965843,540,229,SAFE
0.3736468025616309,-0.08747987834770432,0.9232057456095297,0.9997867327118856,480,443,SAFE
0.3051851327167324,-0.37787257974642235,1.0500400412503388,1.1569398169241818,288,473,DANGER
-0.010450796982074066,0.26825492178520177,1.3991334979567929,1.4246559119044697,353,287,DANGER
0.058663691654391,-0.44923399089551863,1.6219837112010722,1.6840676253333888,347,443,DANGER
0.6388324478942125,0.014090578684564124,1.1213446118272365,1.290627436313111,125,580,DANGER
-0.29578569441791497,-0.004559498322101772,0.9633606762559225,1.0077567953645887,749,528,DANGER
0.27354869058501896,0.542947782915789,1.10690112969611,1.2628742186047166,382,214,DANGER
-0.10109632621694703,0.2373491164399764,1.1775310851747673,1.205460296651145,949,203,DANGER
-0.10884060161361014,-0.012513479372571959,0.9358664748885617,0.9422573547316907,807,390,DANGER
0.549388425993595,0.40888314960014355,1.3590422711824646,1.5218439366450967,691,367,DANGER
0.4127081744940149,0.6951037745086567,1.0460141518382804,1.3219844554594131,523,208,DANGER
0.40675481800031926,0.2789051531759311,1.099548617818279,1.2050911705678746,876,308,DANGER
0.6527394035771645,0.0051763099216903035,1.1331848504108923,1.3077474635293445,972,336,DANGER
0.010501920816379524,-0.6559181161750798,1.0843173221228912,1.2673132685028026,332,353,DANGER
0.34097648564748195,-0.5325568315376863,1.1677881000939225,1.3280100862956352,640,587,DANGER
-0.15513337829672802,-0.15261235217733382,0.8765493626906153,0.9031587237757149,121,408,SAFE
0.16208317624422106,-0.3047561010796416,0.8883396492107939,0.9530448937624273,312,471,DANGER
-0.06507152718384229,-0.093485651492723,0.779969153405661,0.7882421905413335,752,342,DANGER
0.048497982496359095,0.028324962448553582,1.0879002461240452,1.0893490273189248,928,298,DANGER
0.2975785127184568,0.2648463771783654,1.1557873007024229,1.2225141550105776,936,576,DANGER
-0.40911034161673626,-0.03524938902954561,1.091554573230377,1.1662354725289699,991,507,DANGER
1.0461936378427301,0.24325082191310096,1.3348984866695075,1.7133727148336833,624,268,DANGER
-0.503008690749851,0.03223720740506012,0.9988807962341907,1.1188475435002783,941,446,DANGER
-0.6070943063938661,-0.9877332831769357,1.1337483311185026,1.6215936031772349,61,460,DANGER
0.5790554367500339,-0.46966769690937715,0.7816598247721371,1.0802245257411716,190,475,DANGER
0.39583134698146794,-0.07204377786080773,0.9225800595051198,1.0064922887822296,815,278,DANGER
0.31205990852607757,-0.6048473714205538,1.1391075515131555,1.3269467747946613,604,345,DANGER
0.31417275463213995,0.29996436499810225,1.1698204221486288,1.247863357943432,66,310,DANGER
-0.0061233864234573115,0.7653754161718487,0.9412066104671636,1.2131392777124186,112,457,DANGER
-0.44862718574291577,0.6093809258486583,0.9856801496283867,1.2426491145722574,302,292,DANGER
0.03790227909686317,-0.106721435465104,0.6964252506638381,0.7055736512304428,514,212,SAFE
-0.33858085575605584,0.745363068424976,0.9285941598386781,1.2379378875141107,425,459,DANGER
0.4875598667088756,0.07433372860105578,1.1780766327039571,1.2771470860304253,853,308,DANGER
-0.07352869075106933,-0.16854298555901967,1.1150410032213132,1.1301016083563047,569,529,DANGER
-0.4127485983962558,-0.3067013317704699,1.1001331442762419,1.2143805200689708,886,388,DANGER
-0.16069292082649672,-0.15123484324406417,1.009954737436192,1.0337808105612207,139,294,SAFE
0.20646572713781217,-0.19408840927061438,1.0014126317256353,1.0407332348279295,769,304,DANGER
-0.28186227640198736,0.08520811118774385,0.8679357721053106,0.9165256513435589,853,207,DANGER
-0.4111101977832157,0.0802869905249323,1.139765684040507,1.2142995553343623,845,266,DANGER
0.12184360574595615,0.0015230100767072347,1.084194588877878,1.0910206645031708,679,390,SAFE
0.12248328555436139,0.21846908487317493,1.0984037695985598,1.1265974158295586,910,565,DANGER
-0.2534715876855649,0.5953231373931707,0.8947930314664839,1.1042246387581056,224,455,DANGER
-0.2355191528091614,0.47477706772066186,0.5693314160257511,0.7778308277815054,125,208,SAFE
0.11602496867881815,-0.7424489842249518,1.2194305423507392,1.4323767434412642,662,316,DANGER
-0.7240421707486621,-1.2769605674509774,0.9042325087983192,1.724094482856105,975,466,DANGER
-0.7037318871882776,0.46715995561963686,0.8274448471913759,1.1824305342487038,712,298,DANGER
-0.359222110626218,-0.6834393492077105,1.1386957823827988,1.375775400864759,449,497,DANGER
-0.10672357585592362,-0.11238270094634177,0.921597472016174,0.9345382247624079,831,596,DANGER
0.1554537827990023,-0.5850565130296798,1.2119872768093245,1.354758340506767,120,363,DANGER
0.737678108474776,-0.9009902187900098,1.1234011899153395,1.6180181085455732,229,575,DANGER
0.4288298116010097,0.270731364102394,1.1367138646400956,1.244712371952461,173,340,DANGER
-0.07996926498171356,0.3795775801513234,0.7268088577598931,0.823847885482199,430,467,DANGER
-0.009508103951344415,-0.2882552003633597,1.2423887970772802,1.2754259632296974,342,236,DANGER
-0.5012646823189044,-1.295521146072455,1.0522501062467713,1.7426622184914382,846,273,DANGER
-0.009256567996194965,-0.2731222241262414,0.9261445721507594,0.9656216660198994,244,272,SAFE
-0.14432931946006916,0.19590200270127325,1.0286776934684503,1.0570649668576417,960,507,DANGER
0.16135928016904474,-0.7394557843870644,0.644752953420336,0.9942525058074567,277,398,SAFE
-0.4136154717761615,0.09167995988957782,1.0817305622961342,1.161733180615705,480,329,SAFE
0.25967325712058614,-0.007654924586497779,0.7941256983635857,0.8355384031482286,991,445,DANGER
0.7663694565012888,0.2896457498005442,0.7294659428312931,1.0969673495534622,485,511,DANGER
-0.0543800742284288,0.05979018420707663,0.6955281627564218,0.7002081717517507,836,259,DANGER
0.20085586104947073,-0.48653447044077774,1.222537674997985,1.3310361507616881,510,478,DANGER
0.34507199585555626,0.5982857508322457,0.8741473212614422,1.1140709408476626,667,302,SAFE
-0.20061023594291813,-0.07926478651348501,1.3067455419832998,1.324428663476946,70,495,DANGER
0.11204624090520839,-0.01365226975496593,0.8928397073895404,0.8999463804371295,113,519,DANGER
0.00629620039089743,-0.466633979536598,0.6585284084814107,0.8071224056948142,214,540,DANGER
0.04883804927441586,-0.22164112559575516,0.7766951120102682,0.809175654992738,76,350,SAFE
-0.38650489192773324,-0.44240135701345046,1.2471623240013878,1.3785930706992378,360,356,DANGER
0.012255087129471357,-0.0864730299617115,0.9688203644126665,0.9727490275358809,334,405,SAFE
0.24899914562272488,0.8558542400711717,0.8903425407018798,1.2598400273654302,709,378,DANGER
0.7255718038975209,-0.6859505714656782,1.0320036451705574,1.435971501371288,330,396,DANGER
0.47963541304260343,-0.8067806989383706,1.100356547233509,1.4462813546000253,887,422,DANGER
1.0765912287557782,0.7355851637468043,1.2234797631804921,1.7880259891485029,880,288,DANGER
-0.38367378144402475,-0.10466183857593306,1.2896998459785853,1.3496241564742528,213,486,DANGER
0.4361603183603391,-0.3345363693299583,0.9280462708421828,1.0786196208769543,947,475,DANGER
0.09167100286917587,0.5199523436980382,0.7347904627835924,0.904804419022061,967,435,DANGER
1.0949014666088361,-0.30280776986843205,0.9173069677753448,1.4601211731236798,273,382,DANGER
-0.40414914267757573,0.9130048567734681,1.0520561013165772,1.450426295382291,833,408,DANGER
-0.41986092109038803,0.33896293566963454,0.8072482147578778,0.9709936894987663,195,329,SAFE
-0.2996963227220111,-0.24395570407285133,0.8085698170209914,0.8961681875631025,999,352,DANGER
-1.0619478621549034,1.0786541066327517,1.068757576309977,1.8529626819261757,917,212,DANGER
-0.2628775108403805,-0.3028574615016692,0.9902695296859098,1.068391767619548,79,321,SAFE
-0.379566330776849,0.3710476860046535,1.0065593990823174,1.1379405997809218,94,558,DANGER
0.07519689323810382,0.14964629020324596,0.8483009330599861,0.8646751169975344,836,419,DANGER
0.17087798788857972,0.650870644699399,0.9539198571588465,1.167388100315493,520,305,SAFE
0.9380854196079431,0.7807555983634263,0.8151533711463391,1.4676711407355818,83,574,DANGER
0.4752119190930251,0.016002074532883312,1.1780396822249575,1.2703778679330455,702,269,DANGER
-0.28845182783120155,-0.37670893517309173,1.2070498669447505,1.296951602840193,476,394,DANGER
-0.449207335674179,0.2299860714695582,0.6307624275523812,0.8078007573066939,879,385,DANGER
0.24595958575325286,-0.33885768487605306,0.814097827961518,0.915464866565141,935,298,DANGER
-0.6601166035103211,1.0066936237633115,0.7006941489819842,1.3928956431740669,270,281,DANGER
0.9157293829271769,0.06826766554136872,0.8699952131186204,1.2649555121679064,917,274,DANGER
0.5897200603606435,-0.18266077565605435,0.9833124060419278,1.16105038496656,583,573,DANGER
-0.2345878260523524,0.0923401529324542,0.710070956060294,0.7534977867359253,741,539,DANGER
-0.8565672645454387,-0.6735631447648482,0.8156280373749374,1.361118614973897,997,391,DANGER
0.6769361870827064,-0.48580701925532577,0.7992085255837003,1.1545498381211134,416,524,DANGER
-0.05726992262630894,0.6002069539722127,1.0414534658797887,1.2033925183526983,981,413,DANGER
0.6189081559867309,-0.32844713948569787,1.01386886740725,1.2324183174883814,890,514,DANGER
-0.7972138293971835,-0.5234554913409698,0.8556524893325493,1.2812871355391524,792,581,DANGER
-0.29968751147688644,0.2683263762636431,1.0353641744278796,1.1107612805741438,964,566,DANGER
0.002621849859091583,0.5928520773314985,0.8906639830825469,1.0699358814683355,599,517,DANGER
0.023490296882371028,0.35947665533253337,0.9456689779347893,1.011961004982364,631,343,SAFE
-0.22503273573962182,0.4980238429029082,1.3346904180597075,1.4422433887228034,165,583,DANGER
0.3114249661737494,-0.3783975442847304,1.2680922103580696,1.359495518583217,288,415,DANGER
-0.5338102146912972,-0.7109053333709219,0.7400837526144805,1.1567470333689738,384,560,DANGER
-0.07118974251064675,0.7506668259777434,1.1659464835758349,1.3885243482291143,490,523,DANGER
0.06014781585594943,-0.16133991942106787,1.1622793108983185,1.174964478566611,197,214,SAFE
0.2572194170293745,-0.12541650822752368,0.7703473422494763,0.8217823049590126,58,416,SAFE
0.3558074390444449,0.664097070924529,1.1637555287509722,1.3863443958801724,337,234,DANGER
-0.5623210459189346,0.27811500470032996,1.3075863836825106,1.4502879249703264,437,382,DANGER
-0.7670570853678111,0.22794388604080382,0.7754910387511172,1.1143255083590393,99,469,DANGER
0.6388384109492545,1.082501172450542,0.8164994357971472,1.4988644476129342,899,557,DANGER
0.16615700598979583,-0.3217591151900715,1.2035322933687005,1.2568321526873485,566,299,DANGER
-0.3742432682782768,0.4639200640406186,1.0542990621651296,1.2111260719484698,965,206,DANGER
0.7755759877612615,0.02850656244854225,1.1102952550479046,1.3546535683621774,904,229,DANGER
0.05783731714642933,0.13429613943162846,1.0681178432800993,1.0780799299932573,687,504,DANGER
0.5896485920319132,0.7642342132062658,1.078139184185629,1.4471086673766662,636,343,DANGER
0.033759240705054476,0.25391787814481187,0.7347055743377834,0.7780785668154325,726,310,DANGER
1.0303739624409936,0.2691480395248165,1.2094635413242898,1.611494097863563,327,431,DANGER
0.8776704212216022,0.5362536686549011,1.2339179984855546,1.6063707518564143,885,378,DANGER
-0.12448207423953675,-0.18247636477144266,0.9541218511863945,0.9793579107856997,349,271,SAFE
0.4857854754771777,-0.4196048336695032,0.9913046100372275,1.180991352425774,851,409,DANGER
0.3226879747925738,-0.5224045970105168,0.6937784994888556,0.9264786551272842,638,419,SAFE
0.6843157787661743,-0.9831782946880009,1.102850951203567,1.6282530100646437,859,279,DANGER
-0.48246173029005224,1.028103564970161,1.1144114883428289,1.5911251449365333,698,282,DANGER
0.34302572999921965,-0.5516041828608416,0.9875617966001378,1.1820372786402153,667,241,SAFE
0.5292122434247939,-0.110626811792886,1.2248706719741005,1.3388846302577553,656,472,DANGER
-0.8793697432115571,-0.13840664994446034,0.9331845538040119,1.2896825025886027,184,390,DANGER
-0.5916292563328875,0.15370334890455037,1.11292118517872,1.269741493703772,629,372,DANGER
-1.0196160888800503,0.4078686062696484,0.7960671322615769,1.3563541748933303,196,206,DANGER
-0.13470341722227888,0.4302367441798727,0.9952895698251524,1.0926344285517429,539,354,SAFE
0.35877112789798116,-0.2915387192844692,0.9651291484194329,1.0701335524989568,527,209,SAFE
0.751178526048014,-0.08356085689320575,1.0450615844081883,1.2897307122055157,208,233,DANGER
0.03704739020988759,0.14128997524414982,0.9260946142333283,0.9375428527474535,433,235,SAFE
0.8143077727856459,-0.12434556309177354,0.9737054808656664,1.2754063397002418,212,205,DANGER
-0.6900507291074457,0.8036727880099963,1.1652094342883013,1.5747294957178968,490,414,DANGER
-0.8516912196775773,0.24548747581912567,0.9126471525523565,1.272229090817314,902,333,DANGER
-0.02777384944830939,0.36743889302490873,0.678684579852264,0.772266460329459,238,484,DANGER
0.19203272446965364,0.33144063433370635,1.3499167808410841,1.4032123062997712,464,325,DANGER
-0.016347374047046555,0.5867369287426625,1.2762908157380974,1.4047938306121737,388,536,DANGER
-1.0337210500199383,0.09051077935185348,0.7415474609788762,1.2754074044466819,656,373,DANGER
-0.044560019756394204,-0.6484159739779233,1.1379415610490389,1.3104731462464816,230,351,DANGER
-0.6522347502524266,0.1998439758763208,0.8994050458897314,1.1288388816402501,337,530,DANGER
0.33483627441501923,-0.3256784468959145,1.052697443066212,1.1516742977399494,883,225,DANGER
0.18329912304842413,-0.2643083408748784,1.0588448258026988,1.1066209074003164,236,582,DANGER
-0.4699398931636776,0.2931820093775466,0.9531184399367356,1.1023765029955879,933,314,DANGER
-0.25693345866834677,0.6191415357168178,0.8432468668827207,1.0772262166975808,187,581,DANGER
-0.5296067609444758,0.010635788368030825,0.8618917895367482,1.0116589831080267,179,483,DANGER
-0.03133954863658594,0.1544165062994819,0.8167616169037515,0.8318209925060279,243,586,DANGER
0.47757116025061913,0.851107472317619,0.833635558353911,1.2835132982131685,365,274,DANGER
-0.49286302316777186,0.12037658974428414,0.986564341990129,1.1093753575102323,834,365,DANGER
0.2520232577589222,1.3008415570901974,0.8568480021778496,1.577939472204318,913,388,DANGER
-0.2651288091862204,0.2827548228157721,1.136410413142524,1.200696548835235,193,277,DANGER
-0.3964364161311721,-0.8803813795779089,1.2974492310671855,1.617284054437952,65,289,DANGER
-0.053515179977278914,0.37667081055226626,0.8839893517259914,0.9623834724136945,351,375,SAFE
-0.517621161209687,0.19057919244138888,1.0478809001070755,1.1841902194887828,472,220,SAFE
-0.276824652673591,0.6448763770413728,1.0999370220605869,1.3047447576033302,294,253,DANGER
-0.5989389462944242,0.3365906756349792,1.0944004541838548,1.2921816816649718,976,383,DANGER
0.9823625664581946,-0.06922799199188691,1.0151910535832174,1.4143696836856205,156,558,DANGER
0.017631775985864306,-0.6121491181446829,1.1485364836719445,1.3016041935608702,137,421,DANGER
-0.3498627539962928,-0.10451162864301264,1.0964497905361315,1.1556507994728389,178,514,DANGER
0.106989955367111,-0.42526022710465006,0.7524675155345404,0.8709193264828142,956,527,DANGER
-0.05616402484541491,-0.29026172490236135,1.1738312128778547,1.2104899763965111,936,378,DANGER
-0.11048479976661149,0.2942892022103048,1.1774581674533484,1.2186963369189403,390,475,DANGER
0.3070833500217126,0.8349522521757031,0.8473427791642837,1.2285907506878313,53,311,DANGER
0.37875385502365255,0.19733576491149055,1.0075875670895205,1.0943621850931529,376,423,SAFE
-0.26525057380526373,-0.5979415310175922,1.136665798562214,1.3114499910559911,459,413,DANGER
-0.28790912032234,0.22230133411007036,0.9581372360841277,1.024859262475991,928,258,DANGER
-0.137525848575822,0.5983157433228256,1.2145956095532024,1.3609326149667957,355,526,DANGER
-1.1509605823677924,-0.3048914521596911,1.4727744989238722,1.8938674146953678,957,592,DANGER
-0.7575955310992761,-0.06700858333645884,0.8428027934730036,1.1352346399173396,656,308,SAFE
0.6834371337222623,0.007344097364598547,0.723791079369245,0.995496749412623,770,584,DANGER
0.8224838567506418,-0.39244915654112,1.0607637191209751,1.3984690568219984,274,356,DANGER
-0.12451801977818916,0.3241402169219295,1.1443125010252286,1.1958355729272696,397,390,SAFE
0.2882784815278832,-0.06047407430389078,0.9538267252310462,0.998272016205962,370,399,SAFE
0.15562507727176805,0.20976622195351388,1.2906521326642069,1.3168158413761433,608,511,DANGER
1.5394404042276189,-0.44374608890105005,0.7322788400553502,1.7615390001859972,230,395,DANGER
0.5597874557172884,-0.21872915016170522,1.1385837246063222,1.2874693528963328,667,234,DANGER
-0.06395879574038327,0.3611906789138857,0.8788278358482213,0.9523065678385831,760,578,DANGER
-0.4777702203002129,-0.1864165760458835,1.3438755812414593,1.4384078354512169,435,586,DANGER
-0.8032231601287863,0.8634819256167026,1.3985030706336237,1.8293658243789503,667,445,DANGER
0.10173181793361155,-0.19981809280730117,0.8466686824433304,0.8758564327694064,841,436,DANGER
-0.3781753726421517,0.11234236287594296,0.8900885728182839,0.9735990378134469,821,303,DANGER
-0.7111268547988371,0.46629541593654494,1.1719175773959605,1.4479377150793258,157,206,DANGER
-0.3232864421212633,-0.7091828664665158,0.9225738700420971,1.2077238953641438,580,482,DANGER
-0.5407740018071975,-0.8804044059903879,0.9909177564135524,1.4315957666511616,459,200,DANGER
0.8435708175362824,-0.7628281572850474,1.005077684108482,1.5177943447116287,345,418,DANGER
0.44081987847472526,0.631292051713591,0.6160653687604687,0.9860975400036242,867,429,DANGER
-0.003986320658308686,-0.2759290729462234,0.9972324507811525,1.0347102516841788,220,371,SAFE
0.7399720694450129,1.2790996428341261,0.8620544451871652,1.7107870780211298,380,286,DANGER
0.03868415382380915,-0.2821237993286943,0.9013754355200456,0.9452872461128804,542,240,SAFE
-0.43064210066413183,0.09227565159851848,1.2887264006937629,1.361904236937182,244,322,DANGER
0.7615620386348286,0.7710549762839378,0.7486986211441486,1.317213779325516,61,530,DANGER
0.26945502184232933,1.0030464440795615,1.1626410373495955,1.558987607232991,244,497,DANGER
-0.5186230771632282,1.030751788318199,0.9442074139336383,1.490954991210221,539,572,DANGER
-0.0951693390418041,0.6041831152965712,0.9440479663008331,1.124864881921319,844,377,DANGER
-0.4378091266923786,0.5120312629057312,1.1580743792103423,1.339772037845021,930,262,DANGER
-0.691399865482168,0.29626347460059155,1.068010258913778,1.3063122649337144,231,364,DANGER
0.4630887737658207,0.38918053808331887,1.1141225994439061,1.267746768957586,866,386,DANGER
0.9547083202350652,-0.2755928581642667,1.1936369321065723,1.5531221863993827,705,582,DANGER
-0.6992837869095706,-0.4090994417111536,0.9337383233633354,1.2362149587997793,947,408,DANGER
0.28148461834528543,-0.0016872287054760257,0.8775526530984499,0.9215937803966691,365,426,SAFE
-0.32532128456091347,-0.08509231126246422,0.7829698946884404,0.8521246948732201,743,588,DANGER
-0.24356269188234803,-0.2266140246636376,0.834917894004209,0.8987572479705802,79,247,SAFE
-0.2961969621194346,0.34819372372835766,1.589818885061745,1.6542356533794003,645,423,DANGER
-0.431995384839908,0.47765260428525536,1.2489359161473574,1.4052092177132578,727,202,DANGER
0.024260813972413496,0.04420344314592368,0.7297851267583957,0.7315250253534233,845,571,DANGER
-0.4154750582055189,0.7387650405276309,0.735508408651286,1.1222147425040443,842,374,DANGER
0.1352284128899194,-0.5708445570667525,1.0963732123436982,1.2434566549463248,145,298,DANGER
-0.025119054724568476,-0.09682972963985906,1.1094529594755933,1.1139536941639614,430,315,SAFE
-0.11947402343320487,-0.35841116030140246,1.1097767670634728,1.1723212336291486,827,469,DANGER
-0.45378183102079894,-0.93326830853653,0.9490088412892604,1.4062451659395703,493,567,DANGER
-0.28838566528416637,-0.041340342921349624,0.97490914799942,1.017508310898344,347,452,DANGER
0.377695612912878,-0.06087375419164177,1.0655759048318716,1.1321711879929117,857,516,DANGER
0.2504585938121904,0.7567248716210655,1.017178601258666,1.2922903487230857,786,294,DANGER
-0.4887776223992755,0.31540584227738877,0.556139925450493,0.8047832168858131,894,472,DANGER
0.049666152714612936,-0.5120934121646025,0.9540400738849613,1.0839275123763024,410,579,DANGER
0.3756935616858945,0.9270462831670941,0.8297187131479373,1.299612867885674,423,223,DANGER
-0.8347026405606859,0.6105168477626765,1.0350422837817024,1.4631376725302025,603,315,DANGER
0.2716800961899675,0.2910488517343079,1.5970518005206822,1.6459325509594864,352,350,DANGER
-0.33131187947292334,-0.11324204942491596,1.0734963330948608,1.1291526470791928,470,537,DANGER
0.28529933429657967,-0.4797196183617399,0.9372940627655204,1.0908926539704538,295,249,SAFE
-0.38162957827125843,-0.1861033880355265,1.1843603003954504,1.2581672890369555,769,405,DANGER
-0.9024410503322595,0.544374309852093,1.0965375774418424,1.5209003574507303,286,534,DANGER
-0.8137712189415813,0.9422931529673045,1.0840188980903682,1.650829171756965,583,278,DANGER
0.024042473330690997,0.7716217641360945,1.1213701186431342,1.3614143859964434,234,269,DANGER
0.12986125086074093,-0.24442471089313705,1.4113087129659083,1.4381931953196687,517,226,DANGER
-0.4521583125522043,-0.5598087166445056,0.7738223129348168,1.056709000073821,803,470,DANGER
0.31929622938868696,0.07044312345560197,1.0947264153622909,1.1425140000174987,412,249,SAFE
-0.8307600311344799,-0.8842196827814258,0.8147237740036923,1.4614313205469038,332,491,DANGER
-0.033039899323658285,0.16158385709239073,1.1111025292684498,1.1232763722107386,602,446,SAFE
-0.6055080998812283,-0.07380129314933434,0.8162626977027811,1.0190051430455644,385,463,DANGER
-0.3259180539010796,-0.23301825093412112,0.9165266372789831,1.00027054338763,211,278,SAFE
0.023699335658207008,-0.7973515336333977,0.9409820171524187,1.2336037788943444,209,586,DANGER
-0.4302066826419762,0.2568000532848583,1.1951633438689417,1.2959318946938958,523,389,DANGER
-0.19227777211491268,-0.2663504198309557,1.1836908887884827,1.2284288371714778,650,246,DANGER
0.5031464046072203,-0.584958417855144,0.7508565247107231,1.0766235069834906,371,560,DANGER
-0.2884459347615744,-1.4361311066408247,1.0109868221999698,1.7798224538992284,61,553,DANGER
0.4178460560325709,-0.013757452525318127,0.8580840290501655,0.9545118097503696,473,551,DANGER
-0.564853427328809,0.886125798334872,0.7482990178649331,1.2900502877707287,122,388,DANGER
0.2649020889576414,0.830629607273935,0.9565965899151259,1.2942935127131794,637,455,DANGER
0.7207843103289502,-0.22854812829313592,0.9383034423088361,1.2050633256436307,907,421,DANGER
-1.2358222500636447,-0.30110603018089027,1.4853432972691045,1.95554754120321,250,571,DANGER
-0.3984476277352384,0.23438712803751188,1.0865919650721392,1.180838658071815,571,440,SAFE
0.28853606359027,-0.49919271959414574,0.7244764998491525,0.925911783120642,913,468,DANGER
-0.10152269302149634,0.15089594990973298,0.8870451991658115,0.9054974490635586,554,200,SAFE
0.18557293668565442,0.38304013919234514,1.2042766590858798,1.2772780960627474,787,233,DANGER
-0.3019925933579103,0.6134666119421538,1.417688554573985,1.5739700277263529,737,278,DANGER
0.04329489373644996,-0.05007703823997639,0.6828033375524083,0.6860047779390801,837,435,DANGER
-0.07783861769603974,-0.10183687508848294,0.624015122972191,0.6370435410791135,88,533,DANGER
0.5838910308299037,-0.4389912933782805,1.3741930350743565,1.5562932208271085,109,576,DANGER
0.12721042165060656,-0.41344017701993,1.0779228354741808,1.161478760282552,627,548,DANGER
0.1688013310376011,-0.11323944595076338,0.8263414536247267,0.850974300116007,370,297,SAFE
-0.2059384830612337,0.18368275340808904,1.1069258172244871,1.140804443164225,484,281,SAFE
-0.24380311203624677,0.4567923131166247,0.47285045219662447,0.7012037684607432,685,391,SAFE
-0.21627909390981045,-0.4015894753401724,1.0006751013194322,1.099727880690082,725,452,DANGER
0.19722607118914842,0.7463442844797609,1.0655642345686172,1.3158096564944781,457,237,DANGER
-0.21049224041013148,-0.1355618005212844,1.1848540279075659,1.2110173625849598,972,213,DANGER
0.14488742844820646,-0.010683647174218078,0.7972208095414924,0.8103502492165162,435,591,DANGER
1.0377003993227194,-0.3736058395739117,1.0171374322806719,1.5003239644372737,720,546,DANGER
0.4355623517158462,-1.2121201301364708,0.8149150747880826,1.5241510263852331,618,509,DANGER
-0.16301176608392057,0.44202269818052486,1.0510767511348633,1.151832990656549,127,585,DANGER
0.6006069610819724,0.3684219485462167,0.8209307355273952,1.0818459809068308,243,408,SAFE
-0.2040376865107757,-0.1406637785591067,0.9183798321679559,0.9512303570891952,334,556,DANGER
-1.019062267588927,0.03349535861243596,0.8008369210419541,1.2965144111717457,576,288,DANGER
-0.504043155458702,0.2579696088520497,1.1302272483647313,1.2641287333978912,573,255,DANGER
-0.9353959605129278,-0.7812729284432713,1.171690223331333,1.6906244323067312,662,293,DANGER
-0.17575674202065433,-0.2645263386731474,0.9530758860085172,1.004598556991028,205,292,SAFE
0.00920918959477585,0.39713233981091356,1.0076475989920057,1.0831216867236282,389,539,DANGER
0.8382186561376413,-0.6271447115846247,0.7102817170732911,1.2650775163500212,174,284,DANGER
0.16346368688208132,0.14677896608331464,0.9400646703986426,0.9653942336399562,920,444,DANGER
-0.10955026440443212,-0.6782909023117025,0.989959076591651,1.205030614514046,329,221,DANGER
0.4147027905917446,0.23321499121676317,1.5241586182059952,1.5966925596696515,966,490,DANGER
-1.1055676545039426,-0.017820741148741784,0.7776065948451673,1.3517653027974699,955,471,DANGER
0.11780727905428297,-0.8075659079527547,1.2928354477504875,1.5288769556919664,671,505,DANGER
0.3854325969434834,0.5823696772285857,1.1993717546931615,1.3878779966905153,895,321,DANGER
-0.7392931228899208,-0.3672957883990246,1.0561272808980273,1.340472062814087,918,327,DANGER
0.5718770216034645,-0.4051262185071905,1.3517240968390267,1.5226058632276667,707,312,DANGER
0.16924820374720706,0.10028459861547143,1.0744210945213726,1.0922832249666872,777,472,DANGER
-0.20764395695040064,0.5743186747143576,1.0778318391335857,1.238821789618573,959,535,DANGER
0.3163909330531424,-0.5079109094891985,0.9893758693964909,1.156261789319549,723,329,DANGER
1.135346428902198,0.030839924923985827,1.2447137764837255,1.6850148367176676,177,331,DANGER
0.09093312752924758,0.21440825016528647,1.2192938467621768,1.2413368665166185,363,284,DANGER
0.12411029315016804,0.34655280363157204,0.8748645425007575,0.9491523472529494,381,549,DANGER
-0.22968044977012206,0.0882207776386126,0.7361505610802466,0.776178886077513,199,589,DANGER
-0.4249221847323959,-0.18351391954166116,0.9594038725208686,1.0652192320603935,503,280,SAFE
0.4151679082721228,-0.41379511032435984,0.8399922871204707,1.0242938190818482,85,524,DANGER
-0.4280419129544336,0.04307194152318738,0.987295085076929,1.0769524856786061,734,268,DANGER
0.035783118609696234,-0.5360695059928035,1.2474876269368278,1.35826224500031,469,347,DANGER
-0.23882872338255834,-1.4606752417473037,0.9085396689826419,1.7366794900272116,71,215,DANGER
0.23948991287319593,0.2182799020788339,0.9914353237376851,1.0430462766217061,255,506,DANGER
0.16683105264347414,0.45196742054309763,1.011604546961679,1.1204690574897884,688,304,SAFE
0.5187699721289496,-1.1814662177709192,1.1696861764410569,1.7415942291687496,897,364,DANGER
-0.2550081994273735,-0.5048653523549688,0.550622133203079,0.7893686967170709,405,400,SAFE
-0.13493746764668563,0.3095771305025989,0.8786599410469407,0.941323223927752,489,396,SAFE
-0.4893818578911537,1.0287477348558494,1.0422567384558945,1.5440581639500364,778,384,DANGER
-0.2221466300380558,0.010396853837703947,1.2400157912853722,1.259800135912072,145,521,DANGER
0.1886502465224261,-0.3640014706145672,0.901619510498759,0.9904563230322484,978,464,DANGER
0.37849430832267594,-0.09144822055242008,0.6246894587916252,0.7361098005054942,990,562,DANGER
-0.4610826620888127,0.6874382095740924,1.1239422891932271,1.3958562901309906,213,299,DANGER
0.4348029600528301,-0.32298208956226765,0.8729275222348741,1.027313731692431,197,541,DANGER
0.6778189294024755,-0.3995960033251268,0.7620666681819277,1.0953817022771728,579,519,DANGER
0.20671745161185043,-0.2413717610910162,0.8751309220573552,0.9310459508499208,343,413,SAFE
0.938397906279033,-0.4766643041293562,0.96309492846883,1.4266573977596644,244,477,DANGER
-0.3868945995517865,0.06133515799739776,0.8790510670923575,0.9623825701482314,712,361,DANGER
-0.6223273516557085,0.8123392292347803,0.5588867885801861,1.1659934812948305,529,356,SAFE
-0.8893601244521393,0.16153963655801454,1.1794132393774264,1.4859583016907219,926,450,DANGER
0.7480221557445915,-0.1261767510631438,1.2549750082557445,1.4664310380444565,172,565,DANGER
0.3271828281770289,-0.14590563445777205,1.130304398267901,1.1857171205495036,449,296,SAFE
-0.027792335455227534,-0.7815954043483285,0.7724628659150367,1.0992555067981944,748,217,DANGER
0.13998431315991014,0.4415548885735795,0.9597016932104964,1.0656423731745899,501,526,DANGER
-0.5627445236491883,-0.03891859850640102,0.9986957369541084,1.1469913823639495,710,582,DANGER
1.2228759898084132,-0.09023995679531283,1.119758877912382,1.6605507763738883,153,296,DANGER
0.06461059098761375,1.5965537839224304,1.1336680977436162,1.959173772095377,804,200,DANGER
0.054697397302446445,0.14937645418284312,0.8531652402443008,0.8678686867821745,511,415,SAFE
0.362883311949346,-0.37589552504759216,1.016399111282712,1.142824963526094,792,331,DANGER
0.2405046158683566,-0.21317879810277165,1.0914560809230482,1.1377891047107225,767,459,DANGER
0.11194201213956569,0.5742228545983774,1.2911644644293534,1.417521983967128,759,324,DANGER
-0.39523722772265596,0.05663520526888223,1.1409013079649446,1.2087496875572958,445,281,DANGER
0.23573417856799786,-0.7191389891586834,1.1578113374751038,1.3832059072528538,961,482,DANGER
0.9410122482375168,0.45961446728760175,1.0167653255858722,1.4596442159604637,386,370,DANGER
0.6727100230774888,-0.334072042769497,1.2820918290407008,1.4859011955719095,648,258,DANGER
0.7965933133196985,0.9366488881087728,1.0819525591918995,1.6378319165173687,191,231,DANGER
-0.2556078382155926,0.5400240328573243,0.827782417965286,1.0208746517144953,366,360,SAFE
-0.49480241012929044,-0.2236609478293756,1.2806739940250382,1.3910354142241428,760,483,DANGER
-0.06289346004982407,0.6405081808675565,1.1395806545078055,1.308759101287836,607,305,DANGER
0.027862456144347302,0.03392775526370165,0.9113911957743035,0.9124479825034105,849,304,DANGER
0.5470957592354743,0.42638683756110973,0.9041014065201514,1.1395257163796348,576,427,SAFE
-0.8462323148574097,0.24236640864723738,1.0593151090281523,1.377315906742101,605,387,DANGER
0.7647751597303069,-0.42317832749543677,1.092636959053517,1.3992199491474056,450,269,DANGER
-0.07900394928949471,-0.321774916158731,1.0394584531262412,1.0909878993132296,730,517,DANGER
-0.21344053497371002,0.5149804087905806,1.062261734688577,1.1996506476435387,359,489,DANGER
-0.5060521876300837,-0.16738766605327043,1.3399914749152761,1.4421111608324693,544,286,DANGER
-0.8274283359328847,-0.20182423162099836,1.2143086304469772,1.4832114217305916,605,569,DANGER
0.4115852919809573,-0.4775612896746765,1.038127118253005,1.214567886790639,659,561,DANGER
0.036658983594201944,0.21179953279673053,1.1882621161534968,1.2075470093775478,822,255,DANGER
-0.6449804498705269,1.0312624596215725,0.7934952192944921,1.4522867156257875,158,312,DANGER
-0.647539386031808,-0.5337664571271364,1.0795854099893618,1.3673765189875116,844,212,DANGER
-0.1678923496450641,0.012109728336379034,1.3618612699466222,1.3722246919401895,421,217,DANGER
0.8345107626446965,0.7061102777077146,0.9563908209215253,1.452474901537802,904,381,DANGER
-0.1297956756818024,-0.039820695622857574,0.830473214276183,0.841497691533256,665,312,SAFE
-0.7515714765590531,0.22618589812486695,0.8695822222813878,1.1714064137589246,817,428,DANGER
-0.12287153204297216,-0.5311967640734399,0.7820733925315223,0.953365725655399,940,370,DANGER
-0.13636178487383524,0.2141535486038243,0.8430476183744593,0.8804462309536208,255,494,DANGER
-1.3484433214707858,-0.09357213250227439,0.9258983802819942,1.6383964556263568,896,388,DANGER
-0.027147433258906103,0.4928649978399315,0.7188865961642716,0.8720383176059152,92,278,SAFE
-0.11546726510433898,0.5936930257823756,1.0031236667899206,1.171350156463627,914,345,DANGER
0.3481031824067092,1.294781821009307,1.1804554347573295,1.7863680536401145,294,381,DANGER
0.9244780474726726,0.28981658660678783,0.818448763970616,1.2682711434769476,336,485,DANGER
0.5632825147738787,0.16289815829108323,1.3038567847283538,1.429638246727742,404,449,DANGER
-0.13444434527741528,0.09719215078866801,1.102158417705519,1.1145738081756333,834,553,DANGER
-0.5532629543708352,-0.17658314640534417,1.2061161171248114,1.3386551431424705,525,513,DANGER
1.2866799016249302,0.16924192173084557,0.8684330892295726,1.5615261854306217,132,395,DANGER
0.02960921700724413,-0.14770070506951472,1.1709050454133232,1.1805553055169378,159,522,DANGER
0.0069646459564731015,0.08423048813480714,0.7816132199209374,0.7861695154226614,999,270,DANGER
-0.012062543555001639,0.6587987678039798,1.1780495001673017,1.3498007061272,239,447,DANGER
0.09904238038392747,-0.5032712826398206,1.0343678679587063,1.1545597703486312,849,345,DANGER
-0.07218020596197124,0.5699392805645227,1.1106502439969568,1.2504338167826468,985,305,DANGER
-0.28683100344011814,0.6585575336699326,0.7648810788750297,1.0492917204042538,958,462,DANGER
-0.27342947062019607,-0.05903426349553937,0.8209860315446791,0.8673331445653292,300,495,DANGER
-0.016376635107999193,-1.0609274495042973,1.119445643650677,1.5423987151115084,773,269,DANGER
-0.2717123855668825,-0.30391099354721623,0.8103303991551598,0.9070969453505303,340,392,SAFE
-0.3564228913385822,0.6484972732805546,1.0926412584198246,1.3196404474415473,694,267,DANGER
0.05321511384594842,-0.011434031149441061,0.7265724387079509,0.7286083269493855,250,504,DANGER
-0.12748860871042764,-0.4996511161474554,1.1696348425333336,1.2782606338639606,846,251,DANGER
0.7519964942913443,-0.2523874606141087,0.7534953370462982,1.0940536461491386,375,569,DANGER
-1.325484904196506,0.4203100132522765,1.1104599875359047,1.779520194437588,560,562,DANGER
0.5457534259612309,0.27336678410068965,1.1251261867292002,1.2800332560764835,458,484,DANGER
0.6230425962488145,-0.11946604958484716,0.860645636314085,1.069189003427527,656,533,DANGER
-1.0366951162040747,-0.18341220590734378,1.1164053134169454,1.5345154365671159,839,208,DANGER
-0.17134379704017438,-0.19587907452191095,1.0520884526667111,1.0837976844662196,990,450,DANGER
-0.18572043299789573,-0.46120509224925127,0.8922316287614523,1.0214105421973478,886,531,DANGER
-0.7037558473589106,0.8076878447347209,0.7982890631847583,1.3360005148294203,557,497,DANGER
-0.38890834379543765,-0.16116023460566994,0.6074748616654841,0.7390859413135688,780,383,DANGER
-0.5552879227329144,0.6085792604127482,1.0699300094599387,1.350356848570224,650,378,DANGER
0.8761352217118114,0.7606580259612257,0.687039445727589,1.3484200974358498,121,397,DANGER
0.4678391965737306,0.4991554490739802,1.0190688398882617,1.2274082355199545,296,327,DANGER
0.6357775474970794,-0.2158101563590242,0.9473103567835501,1.1611132699088769,690,219,SAFE
0.36083603202161757,0.20186504516830472,1.135828555087639,1.208742588402668,773,527,DANGER
-0.5645258856086146,-0.012097803195458083,0.9395909001020272,1.0962056795687953,989,264,DANGER
-0.26226013313988683,-0.4518509303650641,0.9341104427305817,1.0702859243793916,904,381,DANGER
0.24468728061395903,0.1621796408608015,1.146374140857659,1.1833629080003856,657,440,SAFE
-0.6110639044459727,-0.5895198955799013,1.0670116058168235,1.3636152571561713,636,568,DANGER
0.35649921508619403,0.5938396942307819,1.0632311914365558,1.2689357112339374,984,223,DANGER
-0.12016269907906751,-0.23230864864919654,1.0938535179617053,1.1246874682525725,615,583,DANGER
-0.18741040377479876,0.10057982793641965,0.6928855753585788,0.7247960966856414,393,282,SAFE
0.35547998410174575,0.14164393577307108,1.1513577359973963,1.213282184769608,974,518,DANGER
0.22213165574301988,-0.12945248685203867,1.1224937588027204,1.1515609655534407,103,384,SAFE
-0.18048308290953996,0.29334690073763736,0.7966633742847006,0.8679280380973955,779,515,DANGER
0.579664901682124,-0.23745182831126221,0.9511839052651597,1.1389229959246534,577,298,SAFE
-0.5405316637999487,0.4356486487286221,0.9921385424744738,1.2109100347147133,660,261,DANGER
0.3079678034721319,-0.6729898401233743,0.9731006431196535,1.2225728422162083,581,485,DANGER
0.2965506289841919,0.06318978977320591,1.066771993313707,1.109025568145749,607,221,SAFE
-0.15477321965699514,0.9694644995291424,1.2862733563662367,1.6181209202862272,242,411,DANGER
0.163066511121059,-0.5001656623027874,1.2163533455345656,1.3252440673283963,944,325,DANGER
-0.6255567881926515,-0.33887248526242575,0.7375561613137187,1.024765801348614,107,241,SAFE
0.4620135096034505,0.2569539248294575,1.1244139980612098,1.2424929140954304,486,297,DANGER
-0.09245106822149451,0.08979089096979898,1.265786663907082,1.272330728482758,160,230,DANGER
-0.26136151025951976,0.1753150496367796,1.0773617041378405,1.1223873873209176,178,357,SAFE
0.5245046129184446,0.24459356507383176,1.2181960850371933,1.3486781686704203,898,311,DANGER
-0.3521718452713796,0.31736073428088496,1.4024540891401531,1.480412211652919,755,446,DANGER
-0.7042306481817798,0.5548499209781116,1.2047419092213962,1.5017331016137192,974,321,DANGER
-0.7783145867619519,0.20490932846425627,1.0498617191283457,1.3228647164956913,901,472,DANGER
0.3030049756728198,-0.12062882730927123,1.2090176948169506,1.252232852005165,375,493,DANGER
-0.6402146762481415,0.33628685060136565,1.0289775666193783,1.2576798122641688,57,597,DANGER
0.8773970909921823,0.9499409674476078,1.004780608656991,1.6376194821905223,78,406,DANGER
-1.040964703941861,-0.06631687319128678,0.9297171528572535,1.397275716113192,161,309,DANGER
0.8482281841450191,-0.48726465233532074,1.3126826717664217,1.6370869526537826,996,477,DANGER
0.1055087336013092,0.5535403346434864,0.8363142668115997,1.0084446181203994,722,255,DANGER
-0.048356555935196194,-0.06019058197679912,1.3064735449356233,1.3087529890232434,180,574,DANGER
-0.27245954340447487,-1.086334773007018,1.0999728247480742,1.5698081593050286,237,256,DANGER
0.19956805717603543,0.4237108385752108,0.7201387650396116,0.8590448911924816,724,490,DANGER
-0.018817351212424182,-0.26766409297696137,1.0735298585982842,1.1065552479103262,758,313,DANGER
0.5516509410082607,-0.045266641152080386,0.5799946984696751,0.8017241918324656,524,580,DANGER
0.05711382433101982,0.16599016528450727,1.1251016033662071,1.1387134590396755,413,584,DANGER
0.0751508807309388,0.0952498398895332,1.1770462965977981,1.1832827942669535,253,507,DANGER
-0.18180610610692793,0.35472590856951974,0.8815288088695893,0.9674590282256256,261,540,DANGER
-0.028472811860533728,-0.21774318528492168,1.0247095391911165,1.0479753983097788,670,397,SAFE
0.1539008844460296,0.25655289908804135,1.3908314867500573,1.4226444027933065,325,520,DANGER
-0.8550841963283128,-0.1297733387919586,0.8988506591476126,1.2473742861393875,122,378,DANGER
-0.6740927110528565,0.3694052404437515,0.7882184825886799,1.1009766532748533,728,584,DANGER
0.3716320470113575,0.3076837420065267,1.2963326804925197,1.383205726554771,821,418,DANGER
0.08543271906397093,-0.46771935102229767,1.392517438106159,1.4714499502997451,292,476,DANGER
-0.09199166817633957,0.5429910580875161,1.0007391343695695,1.1422699204809788,836,215,DANGER
0.00921696653269658,-0.267981722557024,1.2022926070816713,1.2318306170654862,151,578,DANGER
0.17379085268083552,0.40402889914057255,1.2682951831061762,1.3423916281423256,734,260,DANGER
-0.26987984015468075,0.18364365670067032,0.8515031534923232,0.9119307765262014,220,253,SAFE
-0.38915236270115633,0.9190918383975613,0.9029388329264263,1.3459078366706385,702,367,DANGER
0.09792262754884078,-0.11173299118592607,1.246174902630947,1.254999996116603,958,225,DANGER
-0.489186388807516,-0.17465839805909875,1.337002855741702,1.4343589213542665,237,535,DANGER
0.20412637785723592,-0.009709802943866305,1.112576172034871,1.1311885771126275,490,264,SAFE
-0.8512918021189202,-0.15158989141713772,0.8240371292995892,1.1944515134567188,135,299,SAFE
0.5145778186628218,0.39997095097102503,1.3974122223398884,1.5419234780706077,525,273,DANGER
0.2362987412065215,-0.808155304218294,0.8938058204376071,1.2279417475923253,101,391,DANGER
0.12801486715693783,-0.526841209573177,0.9329724437657096,1.0790676749601469,160,370,SAFE
0.49134549197275695,-0.5339014607895965,1.0684675668979242,1.291547174449306,998,472,DANGER
0.8327372222312883,0.47515379598678786,1.3108320841429548,1.6240391509901166,926,576,DANGER
0.5071850325090652,0.8553066862909626,1.1707951953104447,1.5360818904528726,903,386,DANGER
-0.9204371156658226,-0.05222460926873575,1.0829731000723821,1.4222385978410503,92,222,DANGER
-0.6397884833678508,-0.08441086159500531,1.0926577060236213,1.268997777593857,260,590,DANGER
-0.3124092888478394,0.03502608155659069,1.0087029337286932,1.0565547778797342,249,380,SAFE
0.013045525105416893,0.5809391513040952,1.1116279029037013,1.2543432854515064,859,526,DANGER
0.2588295102345615,-0.46367656709528704,0.49408798446113933,0.7253355159030918,907,307,DANGER
-0.3628719065767328,0.11918449136739256,0.9406785081860404,1.015262044660516,801,534,DANGER
0.09338338223853916,0.48759881489121487,1.0482643869833561,1.159884168949304,676,361,SAFE
-0.3776914661766613,0.2505470849699226,0.7697971832760986,0.8933153915551982,75,501,DANGER
-0.3057589014959741,0.0947908082993717,1.077264663562312,1.1238206967937965,968,405,DANGER
-0.7033305484241111,0.5005230462835706,0.9591057558027757,1.2903801885574497,348,277,DANGER
-0.46161662305545215,-1.3516161464996186,1.351095139663098,1.9660656628355127,126,215,DANGER
-0.6758423028081668,0.3389376597654538,1.3146039450429714,1.5165174208675851,973,526,DANGER
-0.48793662648866637,-0.3270378415637119,0.9068388861763674,1.0804594702094967,186,295,SAFE
0.5268208983039198,-0.9153164484282285,0.9698324576866609,1.4338477797993634,69,346,DANGER
-0.4746994444159715,0.25560129976249035,0.9852104868783215,1.123081159322035,489,201,SAFE
1.3161910324186954,0.6868292725814789,0.9096681047680755,1.7411459859318337,260,209,DANGER
0.2466589504404446,-0.06872425731384593,1.0390049968056254,1.0700911385310967,801,324,DANGER
0.09241806184743695,0.4764372736014694,0.848343586222482,0.9773537814513533,600,280,SAFE
-0.4291788900906068,0.8061391289943227,0.7738769330124947,1.1970548535651804,484,339,SAFE
0.3501549397044957,0.6574572267920237,1.1245422447800537,1.3488712863559218,829,525,DANGER
-0.28781891311888697,0.8199822646856965,1.1259059168443621,1.4222780230085694,256,349,DANGER
0.06100490732268072,0.3710637455359461,0.8391368480680015,0.9195436649524124,488,487,DANGER
1.2800422691343973,0.0377168194507964,1.17907108615252,1.740729558386685,828,560,DANGER
-0.048029949862324936,-0.8009829059485842,0.8736844541669337,1.1862567248106917,715,539,DANGER
0.5746366631428379,-0.12303124406497429,1.0506330476075962,1.2038163407967746,91,328,DANGER
-0.3515882125629437,-0.42162329765809586,1.1640688025224912,1.2870262830833874,460,438,DANGER
-0.01749424524848085,1.0854713587489069,0.9932774870592574,1.4714463243964304,572,257,DANGER
0.885400317817755,-0.0879429062161683,1.0909481824282268,1.4077768339793701,855,397,DANGER
-0.3134835288938837,0.061602403392242835,0.8967140712224857,0.9519258923465986,659,410,SAFE
0.9062242789984644,0.2757426880202338,0.9607066833143806,1.3491604075156622,476,589,DANGER
0.3538759677277377,0.021801223186226862,0.958828113823932,1.0222792405829326,324,244,SAFE
-0.2812333879471338,0.8475255202153765,0.8506843306919523,1.2333108109464468,497,296,DANGER
0.3162038695277605,-0.311324680867226,0.9646451673768436,1.061813657364091,951,478,DANGER
0.48627722481336494,0.09730372761862136,0.6902763402272507,0.8499499871511228,991,222,DANGER
0.3109049811085982,-0.3712352928490241,0.9017692505715791,1.023555240918274,933,590,DANGER
-0.7851123599452282,-0.6600112556103529,0.9430249013260659,1.3933098147189507,791,534,DANGER
-0.3635685879124343,-0.3058845454526427,0.948764049500924,1.0610846784723653,418,243,SAFE
-0.12375931777575237,-0.01851839852420601,0.9517005108258443,0.9598922658957066,987,226,DANGER
-0.03721671455002314,-0.21465111225862998,0.9876471600279743,1.0113886970631458,269,481,DANGER
0.310336048775339,-0.346210489936928,1.0958883036172127,1.1904374576250822,626,296,SAFE
0.08885050046662692,-0.7031587318359169,1.1749034148265045,1.3721241371542323,916,235,DANGER
-0.6676721793550506,-0.04155278631434738,0.8700469546303465,1.0974946361585323,281,308,SAFE
0.1900989255029816,-0.7523601870155011,0.7593598289221711,1.0857305385150116,377,254,SAFE
0.3052928726419116,0.3800279818448013,0.7915911175513795,0.9296459016513895,492,391,SAFE
0.2798952239655199,0.04121987646725164,0.9025594157610146,0.9458614663858276,101,418,SAFE
0.5403903627773109,-0.7287757497324653,0.9296157364366981,1.2989693048765452,935,384,DANGER
0.41696107727445203,-0.15460453852493172,0.8460007867605085,0.9557596112484447,992,268,DANGER
0.22959003961421834,-0.3760782027952916,0.7407766671500211,0.861914422377122,425,516,DANGER
-0.035082855729323514,0.15958725520959022,0.9087758345051624,0.923348480353983,312,329,SAFE
-0.8304804667579957,0.6702252230115723,1.0362853240227943,1.4875439247338271,316,254,DANGER
0.21480910956629293,-0.9375862348228723,1.119005893167113,1.4755965201316794,408,577,DANGER
0.10384384358155557,0.05751303957370858,0.8885153893783357,0.8964100014685986,366,296,SAFE
0.13578941859768673,-0.0800663977833202,0.9174004355713132,0.9308452897466527,373,535,DANGER
-0.6383742879101547,0.33567003822523284,0.8146603382305379,1.0880567874485323,970,286,DANGER
-0.5405282702041312,0.10659831411884457,0.9937121659250447,1.1362208764893795,957,493,DANGER
0.5265764266664518,-0.37598466586940954,0.830314273161837,1.0526485616320436,715,318,DANGER
-0.01977757692832752,-0.15952696783330908,1.11462556264824,1.1261572496432952,919,407,DANGER
0.3407503486863122,-0.3980129284017445,0.6428267016131777,0.8293076989945607,927,533,DANGER
0.014159188065230586,0.5380035692992992,0.9280740655095076,1.0728326030918327,701,353,DANGER
0.014878069747872594,0.01065582433597111,1.0602214678383484,1.0603793964506307,988,234,DANGER
0.46914190298799885,0.9505953428765037,1.0367669032645008,1.4827714735394533,612,278,DANGER
-0.25802236410868695,-0.030330406907310387,1.5386067327960995,1.5603865393449428,678,266,DANGER
0.04806038847049168,-0.3542033834552314,1.0699600049135816,1.128088759763938,470,542,DANGER
-0.23113764435252124,-0.7568571963064136,0.799189080631598,1.1247046780548289,95,233,SAFE
-0.2172481137161578,-0.9015698381279725,0.9809071505821854,1.3498902747996184,870,296,DANGER
-0.15458606173431969,-0.7920679715027449,0.6447507333067096,1.0329433818281328,649,368,SAFE
0.11106688581685642,0.1335633255057417,0.9838800501406478,0.9990970764194894,769,368,DANGER
-0.23937431083173866,0.2543625116149669,0.8333887885998482,0.9036244911273524,938,350,DANGER
0.6278780627867604,-0.7905953510160667,1.1830780551120323,1.5552959703107128,318,270,DANGER
-0.44730365110975195,0.4475191570380577,0.8900919450808931,1.0920703378949803,650,202,SAFE
-0.09343582208067952,-0.24153052584171975,0.9766468168409507,1.0103990561193292,430,513,DANGER
-0.21986552913708746,0.07339650599277468,0.8728884317191193,0.9031401398585618,167,231,SAFE
0.7234889421768664,0.8061103141277122,1.3477702703706662,1.729084957337348,615,486,DANGER
0.09827738825578732,0.44841965793276595,0.9357514467764176,1.042290460863514,165,281,SAFE
0.5159222697343174,-0.13426532395291615,1.3665114086958403,1.4668184603828387,679,242,DANGER
-0.742780186518486,-0.4455961127076437,1.1628303524236534,1.4499836997919382,309,590,DANGER
0.13352513293462942,-1.0759077006646525,1.0964133454670772,1.541923657511298,124,304,DANGER
0.4448153978117185,-0.35957665962121005,1.0737466294635039,1.2165886472259142,529,200,DANGER
0.04114199463771209,-0.10556511941384722,1.0787594596432504,1.0846928735496637,354,260,SAFE
0.5327401875326756,-0.493589763575592,0.614465484130878,0.9513205523414037,56,469,DANGER
-0.2586442250501861,-0.06562848354615236,0.9442233211698488,0.9812041649144169,415,379,SAFE
0.70467372009279,0.03842594147938411,1.1690315942368643,1.365531571620361,683,423,DANGER
1.1494490618096251,-0.11242799090403928,0.9902205633051789,1.5213184948675842,572,205,DANGER
-0.18141928021982953,-0.32500129041172987,0.718962030639285,0.8095956987939936,397,302,SAFE
-0.2227512607003859,0.08432733598336384,0.9895191098845061,1.0177805719133608,487,209,SAFE
0.7266922385588505,0.22097032478470452,1.3408211032510984,1.5410096446617794,264,270,DANGER
0.7897860728653562,-0.545199538721423,1.2493783431069438,1.575420839692933,478,289,DANGER
-0.26143001357663415,0.705466189873135,0.9875991981267936,1.2415234082342077,840,425,DANGER
-0.21009340854792863,-0.04929406614213087,1.1902898554116172,1.2096937981026108,547,357,DANGER
-0.1408923044302536,0.009424811472423831,0.9266985959263896,0.937395197454574,589,427,SAFE
-0.6722252555171385,0.3541072116282786,0.6592256826346562,1.005911135303395,796,325,DANGER
-0.4593259732420991,0.11660806563175083,0.8151068023740891,0.9428557100329258,416,408,SAFE
-0.5020703833760339,0.47656831695662255,1.3125777537016396,1.4839313966968513,362,296,DANGER
-0.3838987825520642,0.1435620826009121,0.9452013836341392,1.0302397790949247,587,273,SAFE
-0.01734244369339059,-0.30621868732021895,0.9513232041249964,0.9995431374002954,970,314,DANGER
0.11710736626826038,0.18075176260305081,0.9400323607450238,0.9643890159921259,103,390,SAFE
0.7752502464070384,-0.5718631036603309,1.3808273179146013,1.6836639913538067,590,369,DANGER
-0.4991770203693955,0.05427985288826157,1.3251917830724127,1.4171299382967955,516,506,DANGER
0.4921611992382919,-0.0166149953222304,1.4437560466896269,1.5254278830734973,914,403,DANGER
-0.10699442211275448,-0.10405842863626985,0.9681909579199898,0.9796273240021021,213,255,SAFE
-0.024731854826216475,-0.06426875571946537,1.059124897749419,1.0613612422910452,831,407,DANGER
0.3374097460833019,-0.9409245227488195,0.6966714901158417,1.2184151424708738,383,240,DANGER
-0.5613610107811493,-0.27436245387048075,1.295386885223655,1.4382030882071237,596,231,DANGER
0.1912048730920253,0.046422450570557355,0.766444089746413,0.7912969670852537,847,214,DANGER
0.08322610410652805,0.07992819599870019,1.0433551127525258,1.0497166247264988,397,261,SAFE
0.24622563200407455,-0.5138375704629791,0.7805394944734312,0.9663839884372787,322,354,SAFE
0.14458432195390905,0.6328539204323503,0.8822266346522608,1.0953230325576657,769,483,DANGER
1.2276500699554471,-0.43308742410725043,0.83254751379006,1.5452588048283296,799,408,DANGER
-0.318869992125658,0.4847286002633684,0.8784249478648364,1.052744164943621,463,519,DANGER
-0.2654984775009088,0.21359718093584243,0.8921754593702043,0.9550341604159899,549,386,SAFE
-0.3115702632123822,-0.3231136549219015,0.8903462410149846,0.9970932212209327,142,329,SAFE
-0.27773855958012733,0.887655446304756,1.1666667823560615,1.4920396375047096,734,326,DANGER
-0.31869356365325885,-0.59681841587824,0.779027441387496,1.0318146943517397,128,491,DANGER
0.5945082655537759,0.45957708680500076,1.0441082854027735,1.2863954633683412,671,313,DANGER
0.7102521239949274,0.5002911590214891,1.2435918304611118,1.5169937258354067,266,398,DANGER
-0.28537314687473814,-0.33531010453832244,0.8973607270973207,0.9995633915361866,996,212,DANGER
-0.41617778655211435,0.6962326500321644,0.8564162218504796,1.179573057525,407,470,DANGER
0.23570777819320204,-0.1250232572994764,0.9538950749639499,0.9905073374826793,667,288,SAFE
-0.2761115221404856,0.14434681463992852,1.235945041672142,1.2746112040890676,556,414,DANGER
0.3164659088777554,0.13016091938561036,1.0388215261906715,1.0937288053691587,608,477,DANGER
0.10146151042564985,-0.0671543707352739,0.8937571410784803,0.9020010946974972,230,402,SAFE
-0.757872057498616,0.40540413657989105,1.096775330237608,1.3934269605943064,625,273,DANGER
0.7737526006650308,0.3967443602761065,0.7795415700327153,1.1678117287713232,295,224,SAFE
0.8979388365477609,-0.8742659866190904,1.1362719020885896,1.6916704776686917,293,300,DANGER
-0.3063943452421931,0.6521701214390763,1.0817214615403534,1.2997402365285342,555,375,DANGER
-0.19385077996799208,-0.8312459940178372,0.9384383057722232,1.268548178511775,471,316,DANGER
0.14293269536245248,0.5162731021708287,0.8322828403105538,0.9897789640642345,369,365,SAFE
0.1672283949935125,0.5633525684137917,0.8226638155433086,1.010993177936823,136,240,SAFE
0.3292721363364152,-0.5454832151075991,1.106963467269182,1.2772392867432003,266,543,DANGER
1.0051022693831748,-0.2054071439772924,1.2457961004978124,1.613824832728655,539,565,DANGER
-0.0884736137470247,-0.5528523342429679,0.8725384505942411,1.036723990063293,568,319,SAFE
-0.39914862226922687,-0.10746051514436766,1.0916773407102969,1.1673160673934118,327,296,SAFE
-0.6896596140072636,-0.15401714209287062,0.5825945962795862,0.9158428505291054,898,344,DANGER
-0.36546501997095954,0.3898302661346699,0.88307645386856,1.0321610051702557,771,415,DANGER
-0.016563486436898547,0.6551543730598042,0.9937882134258196,1.1904270724267039,218,428,SAFE
0.8972789317588938,0.697841905394978,0.8180633166036333,1.4004714907045455,379,512,DANGER
-0.2588056495180857,-0.28108401328915106,0.8126987250420807,0.8980355251515596,699,329,SAFE
0.11189397581944925,-0.10461093687226389,0.8664440887062228,0.8798801445605721,490,551,DANGER
-0.008211448036376037,-0.8417190961104751,1.0584385456652747,1.35235003589526,440,576,DANGER
0.594196636724042,-0.4029350332480944,0.962534196318725,1.2007907241462767,545,517,DANGER
1.2634662129368108,0.4824258165487288,0.5523537533350056,1.4608819967844298,430,336,DANGER
-0.2654343864601603,0.8077914117741158,0.5758599694729867,1.026935773499458,355,523,DANGER
-0.24471972125911107,-0.617174435939961,0.8786269644285649,1.1012617168375103,791,536,DANGER
0.522080438534536,-0.2962321295764471,1.0915373172107103,1.245702682728654,869,472,DANGER
0.3409457448131557,-0.013202878479463515,0.45049903145495307,0.5651262639872543,722,316,DANGER
0.9233536628680168,0.1400805794098034,0.9000539647696739,1.297035733878284,562,505,DANGER
0.29196409266298196,-0.40480175996082307,0.8947504286965158,1.0245417638751955,797,567,DANGER
-0.17964604539352977,0.21203052223204485,1.2776675556416897,1.307541214158444,998,293,DANGER
0.29532741534615464,-0.23691967353545806,0.9229956376574273,0.9976322774939818,237,367,SAFE
0.5543517902914539,-0.007226135439139552,1.0765977969481857,1.2109586866720152,979,402,DANGER
0.410241090598682,0.2731421240018498,1.0282514280174926,1.140265482920469,565,540,DANGER
0.25363701555364887,0.0032111349054689082,0.5738867040385598,0.6274456120801105,962,348,DANGER
0.533337344794577,-0.2181929452632843,1.1536414433263475,1.2895524279668875,693,382,DANGER
0.5846477952228364,-0.05480490196291542,1.0430793010912576,1.1970092105339518,476,351,SAFE
0.6910794955187636,-0.04418147960266766,1.101653727934918,1.3012239655567568,551,273,DANGER
0.3243549437948213,-0.18500551494106385,1.7852475412872653,1.823881014154974,779,564,DANGER
-0.08355904015842718,-0.12939803133355118,0.5831774121002823,0.6031764730899066,309,473,DANGER
0.07335684321666142,0.7993235852523585,1.3449393299522217,1.5662570739312653,562,241,DANGER
0.6032544832541784,0.28045972397061936,0.9425104961199289,1.1536462471798608,120,411,SAFE
-0.40846783549361804,-0.14774015901458018,1.0574657808806018,1.1432003345660444,527,300,SAFE
0.1843366544364506,0.3484772022553678,0.9908975509397515,1.0664400213415424,227,244,SAFE
-0.19666940616368034,-0.16690974487800497,0.9151527333203913,0.9508113606598306,506,281,SAFE
0.014372411467408744,0.5865623187933207,0.8860334143522482,1.0626933383569732,238,216,SAFE
0.6392259313036494,0.18482109609904696,1.0659017471146017,1.2565489100374212,340,272,DANGER
0.09554953400995167,-0.05365107200211444,0.6965652606656642,0.7051321247416824,569,213,SAFE
0.023218274078074405,0.2238584629051388,1.150115833504353,1.1719292342726284,814,356,DANGER
-0.6799280704899596,-0.7854380760342496,0.9167611190229492,1.3855201556371504,969,422,DANGER
0.37312678301361035,-0.5633837344549026,0.7739861321919285,1.0274625838812135,341,331,SAFE
0.3227420905705377,-0.5969625031995277,0.9099974284008372,1.1351748794561234,995,537,DANGER
1.08162736165273,0.07147154738185338,1.2514298433725146,1.6556275500378577,805,575,DANGER
-0.15388911747650041,0.866257499742546,0.8929329825967554,1.2535602210293053,684,575,DANGER
0.10957516383196948,1.1156500730963161,1.071690723641924,1.550871628881246,860,246,DANGER
0.12469184185537763,0.3190255507203786,0.8538087448569054,0.9199536565674662,332,306,SAFE
0.7887266398817372,0.25042223747222847,1.151584369984724,1.4180788309092152,593,307,DANGER
-0.04764776619347605,-0.9005288670763695,1.1371015477580408,1.4512830461267057,895,464,DANGER
0.13951076288516961,-0.2713368998670109,1.3697217666592822,1.4032906627817587,426,404,DANGER
0.3039482548582696,-0.39389187595411945,0.9648872109001569,1.0856070565967813,707,278,DANGER
0.09330456157817905,-0.310423799125558,1.1337309609515813,1.1791584151822168,205,354,SAFE
-0.22321680727526413,-0.0840719092923948,1.0196135079077888,1.0471416019289166,557,470,DANGER
0.09704499644915379,-0.23604528884856368,1.2591743563726028,1.2847782569259867,462,446,DANGER
0.536815874929886,-0.9896499051878939,0.8562335224782539,1.4144659993901108,577,218,DANGER
-0.5132576497055301,0.3739551280587669,1.1490010625754563,1.3128135033515693,404,545,DANGER
0.066484837073438,-0.5363715128699033,0.9610605407766637,1.1026114439896602,608,225,SAFE
-0.3500604074695866,0.11962343205557477,0.9871623645783004,1.0542018727048197,812,416,DANGER
0.5975233144624212,1.0370413348749867,1.0183504968896746,1.5714727411192657,236,353,DANGER
-0.7615934523918874,-0.4596922957932117,1.0504480792853355,1.3765110827058669,80,353,DANGER
-0.27946092363579417,-1.2651437613731649,0.9767541913756084,1.6225707673783074,309,373,DANGER
0.18860593753226043,-0.1430021109400554,1.0429426366341052,1.069463017927705,470,291,SAFE
0.7827620146171702,0.5504798174992855,1.315623611512437,1.6268404618064445,578,537,DANGER
-0.0328751305364939,0.9791737271102969,1.1970899371230437,1.5468956912578542,600,380,DANGER
-0.2775997633465992,-0.6147747972262084,1.1738309184993794,1.3538422009745856,353,330,DANGER
0.9405785347202951,0.24834961161826086,0.9088920947952258,1.331334048820495,991,497,DANGER
-0.724006950208122,-0.23265522839002667,0.8221518343543351,1.119932211332043,993,474,DANGER
-1.099402978310041,-0.05297417715206783,1.1910601116475505,1.6217636577873493,88,472,DANGER
0.2200072250266662,1.3221716735085174,1.1752093585059589,1.782598706835679,538,275,DANGER
-0.2510271121763056,-0.7514851641975766,1.2945341351501964,1.5177493831742122,693,376,DANGER
-0.5106164085653566,0.12686983074728672,0.8792038748061541,1.0246094495583105,591,383,SAFE
0.35417822364967666,0.2338465858827166,0.9540902689279306,1.044229228234689,719,518,DANGER
0.12190035688559941,0.5428931624696736,0.6721031674949132,0.8725338678938801,327,330,SAFE
-0.2820393153683642,0.04899157673544772,0.9215057787878254,0.9649452058763945,252,562,DANGER
-0.6401521993354472,0.15402526975205116,1.1993141021158895,1.3681640755297753,115,248,DANGER
0.43622866414007233,-0.19582428371089555,0.9067009241543604,1.0250605657085285,157,254,SAFE
0.3251005889793305,0.13456347062255367,1.1280959590401647,1.181692943781693,317,353,SAFE
-0.049587931889691454,-0.17159613774870525,0.9618993788004377,0.9783427888097491,271,554,DANGER
0.9233184980238329,0.3107859449280254,1.064811405644312,1.443235352237468,853,399,DANGER
-0.5350423831630763,-0.18480516802181698,0.7704617220368666,0.9560515504053169,579,507,DANGER
-0.7627625854623694,0.18855019695109324,1.0170418899267801,1.285197317308658,139,555,DANGER
-0.3459540349406222,-0.014631406842489177,0.4017728058198553,0.5303957577641877,742,572,DANGER
-0.022793008177748902,0.5630251253860841,0.962620768367603,1.1154172119572303,304,317,SAFE
0.12166972466134592,-0.02569686179424312,0.6739053512569719,0.6852826227608744,504,462,DANGER
-0.12061802892816494,-0.8865162341034407,1.241198903309363,1.5300439404827,302,245,DANGER
0.1760276982571484,0.6309607503569958,1.1554814705529022,1.3282449502391755,306,501,DANGER
-0.625769712095222,-0.45286615043130946,1.0933341963932162,1.3386766404867945,432,555,DANGER
0.7218823020366297,-0.3268831693244099,1.304201245431876,1.5260758673694212,491,599,DANGER
-0.0410755891962844,-0.29783064702174605,0.8102166958350325,0.8641998568288769,907,388,DANGER
0.5586479157940638,0.6872190465854087,1.3494726395831116,1.6141356562551425,648,509,DANGER
0.17136267318885207,-1.0678371069893478,1.186438312852077,1.6053900220909223,139,517,DANGER
0.22837660957689196,1.5688742668299969,0.9526889425562108,1.8496320072360521,798,328,DANGER
0.28488364011610195,0.5280284045330259,1.2271240294365888,1.3659451189634904,439,248,DANGER
0.22385428000865748,0.11161945706457983,0.7787412975176732,0.8179288785298482,631,224,SAFE
0.32136137993377195,-0.027447000308143194,0.8350971676944653,0.8952171545665171,93,465,DANGER
0.6645762650662157,0.14277703742882847,0.8782820553520599,1.110597255200891,761,317,DANGER
0.09826058485073506,0.26056121418966915,0.894204458387197,0.9365622789087458,713,343,DANGER
0.35450187879425615,0.3226077929750285,0.7886884714479494,0.9229175884941078,647,399,SAFE
-0.04486784714361336,0.27780223300172424,1.244616613419065,1.2760320210585585,68,356,DANGER
0.7200586077247364,0.04479034062762441,0.9482291199260336,1.1914818660171562,150,547,DANGER
-0.33819615102963485,-0.09866921015366305,1.0705009936713759,1.1269803135170597,963,333,DANGER
0.9004702164554078,-0.07563664182675585,0.8859297267172639,1.26547974815538,656,599,DANGER
-0.020078975322171705,-0.0974541401763405,0.6358793398902965,0.6436171296561469,815,347,DANGER
-0.7153875510590241,0.5668850484335323,1.0540114716782845,1.3943020435964149,406,535,DANGER
0.06405220745539464,0.29677836114043094,0.6175490049160446,0.6881474074599903,591,270,SAFE
-0.3405258287374404,-1.4701943173321401,0.9862731907829063,1.8028211163646084,810,432,DANGER
0.42032177449436203,0.3279503882648805,0.726336992233438,0.9009923848534418,987,533,DANGER
-0.32631198965119546,0.09736809735938742,1.3974551998461617,1.4383466538183989,82,498,DANGER
-0.22309171660738986,-0.009354378222948708,1.1822725444349445,1.2031732160148212,278,353,DANGER
-0.9447703654727655,-0.19425922654444291,1.021150758254296,1.404662436906644,573,289,DANGER
-0.22615315962453836,0.5620563599930067,1.2527413355309338,1.391550738264537,679,533,DANGER
-1.2119396633144783,0.4737632310614289,0.8307368045068528,1.5438176657179543,911,398,DANGER
-0.7919514117428617,-0.38643883391180456,1.1086958757340186,1.4162374644762965,204,360,DANGER
0.3802073280721487,0.20352614356226756,1.0399620867437427,1.1258337556218019,472,225,SAFE
0.3929000793254161,-0.485828367270643,1.052804016266734,1.2242532301146452,954,320,DANGER
0.21272878089248237,-0.6898090823944653,1.2544707000213535,1.4473378463876223,295,500,DANGER
-0.4834880715646065,-0.3133586122949826,1.1464984205559605,1.2831262461589705,454,411,DANGER
-0.023855678070989927,0.4311967361913794,1.0577447325650047,1.1425076095796203,893,262,DANGER
-0.0018012695452842022,0.47656252268804333,0.6690225127543408,0.8214050189613518,808,267,DANGER
-0.5791823445962714,0.2565427100486465,0.8079907409441073,1.0267012164318037,590,452,DANGER
0.7516991508835753,0.36254789342399857,0.9754582132808551,1.28374892962851,210,201,DANGER
0.4386811452878357,0.2580891435574792,1.0186744748553302,1.1387488041596634,796,597,DANGER
-0.11048208691483197,-0.3207407976114761,0.7739592550652152,0.8450407559890856,751,307,DANGER
0.01344291949726539,0.21596127233697032,1.4823353351156843,1.4980447353021675,166,485,DANGER
0.10419140397377624,0.40020476261384114,1.3032788110507145,1.3673168469724168,320,248,DANGER
-1.0208674342121453,0.37714566490678714,1.1204236640784968,1.5619725854892448,819,339,DANGER
-0.12358869126029846,0.5944566857373215,1.014407372256749,1.1822331549715888,741,417,DANGER
-0.3409921239988993,0.3541519236005319,0.9575582060197697,1.076390696510815,536,243,SAFE
-0.5008100049474578,0.17572410377079145,0.8096163079955528,0.9680744743426873,934,468,DANGER
-0.14055014644297745,0.5350751191582137,1.0154961037037724,1.1564134483154638,221,277,SAFE
0.8988432634247613,-0.013260629624530031,1.05155050802855,1.3834209509174045,999,415,DANGER
0.3204214306335049,-0.4409373256138589,0.7516478849036752,0.9284773347846962,323,581,DANGER
-0.2855894948913984,-0.08153348197188194,1.0668352834489796,1.1074053414565275,308,297,SAFE
0.2862913906780793,-0.37245132240322454,0.9689481902350503,1.0768209430058826,184,435,SAFE
